"LOINC","LOINC_COUNT"
"785-6",11849579
"6768-6",6738344
"5799-2",1916231
"10834-0",379697
"2345-7",11921716
"3948-7",10931
"5693-7",791
"6683-7",2981
"20661-5",296
"11038-7",4332
"21476-7",3445
"10378-8",903297
"743-5",1400761
"20124-4",86549
"2141-0",16437
"33930-9",1263
"25418-5",31225
"2157-6",518176
"12598-9",3461
"13457-7",1918929
"5794-3",804693
"1920-8",6361557
"1558-6",39228
"43406-8",21
"6301-6",4616990
"21656-4",8474
"2862-1",184576
"2885-2",6004307
"26455-6",75642
"1751-7",6012167
"2112-1",23188
"4508-8",36
"16193-5",3055
"16935-9",192038
"3243-3",4341
"5308-2",699
"5671-3",9303
"2638-5",2579
"1823-4",4286
"4498-2",62750
"20482-6",143826
"5256-3",755
"35674-1",478641
"2162-6",22432
"12183-0",2392
"59384-8",20619
"44449-7",5494
"24113-3",5619
"32065-5",20653
"2089-1",85471
"69051-1",2883
"20420-6",486
"2721-9",1162
"33300-5",20594
"12187-1",1557
"5290-2",2280
"9522-4",184
"8074-7",1960
"3024-7",343001
"5802-4",1913803
"13955-0",30951
"2868-8",186886
"2075-0",12479570
"800-3",515661
"4092-3",137784
"3274-8",9647
"20643-3",296
"20671-4",570
"2132-9",316406
"3052-8",1257
"1649-3",23128
"2333-3",4528
"11565-9",4201
"5157-3",37137
"2888-6",48024
"6742-1",1724738
"7793-3",37171
"7792-5",16408
"4065-9",20655
"6694-4",84
"11282-1",644922
"783-1",44659
"44909-0",1862
"9811-1",24678
"9622-2",570
"10368-9",34
"8246-1",1712
"11575-5",61
"29860-4",61
"48642-3",5304757
"1746-7",5177
"14117-6",4997
"49293-4",4659
"6007-9",378
"61199-6",17
"21709-1",478
"30167-1",62829
"8040-8",1707
"2597-3",581
"25296-5",2950
"3142-7",1675
"1990-1",47908
"14976-5",202
"888-8",539
"53819-9",2349
"11778-8",1414
"3145-0",158326
"1832-5",362
"17863-2",904
"26508-2",2164
"11779-6",329
"2821-7",439
"60024-7",782
"20112-9",272918
"11572-5",6459
"6025-1",6978
"42936-5",173
"3074-2",851
"25085-2",167
"1795-4",11912
"55147-3",524
"48803-1",2494
"5244-9",25477
"25136-3",167
"3319-1",1852
"13534-3",13
"14282-8",926
"30934-4",36677
"19569-3",12391
"29859-6",168
"25088-6",167
"25132-2",167
"18185-9",1075
"1925-7",1865111
"34909-2",2659
"15357-7",90
"47527-7",73490
"23877-4",689
"6351-1",9
"19769-9",234214
"5014-6",3990
"8665-2",203
"6896-5",683
"2469-5",5449
"6928-6",495
"46758-9",100422
"9428-4",157694
"35410-0",6258
"3559-2",61
"9826-9",13
"32681-9",923
"49297-5",34377
"19114-8",28
"31144-9",192993
"2745-8",36537
"5683-8",198
"32769-2",5668
"5113-6",674
"35384-7",1314
"14177-0",96
"41399-7",2442
"58092-8",111326
"44288-9",1381
"50099-1",29061
"24375-8",66
"28659-1",66
"13363-7",5
"38548-4",11
"11573-3",494
"32700-7",83
"17842-6",23195
"21613-5",319562
"25116-5",171
"13636-6",398
"38175-6",324
"42663-5",10
"33287-4",100414
"2713-6",190656
"29965-1",1193
"3002-3",83
"5792-7",1112540
"13438-7",21479
"30153-1",2443
"10906-6",29
"60340-7",113289
"8014-3",314
"27096-7",2443
"13458-5",58879
"3087-4",107
"5786-9",1103
"27390-4",2550
"35676-6",4320
"30003-8",925
"13717-4",1009
"1984-4",13
"2668-2",317
"15016-9",347
"9594-3",5263
"10634-4",1243
"7902-0",258
"30567-2",746
"27826-7",65
"12480-0",136
"30331-3",123
"30540-9",121
"3300-1",8
"5622-6",987
"15066-4",71
"717-9",22281
"9757-6",133
"27182-5",22281
"10157-6",99
"25757-6",561
"14267-9",93993
"26523-1",431
"21809-9",21
"43284-9",2
"14869-2",6046
"26474-7",10374
"34265-9",17
"2078-4",2804
"15994-7",25
"21060-9",252
"15743-8",1
"6019-4",251
"6009-5",55
"11090-8",860
"57378-2",38
"15774-3",242
"17819-4",1206
"58452-4",20136
"44005-7",43
"5281-1",662
"31161-3",528
"22319-8",5515
"19080-1",7241
"69969-4",100449
"6219-0",657
"22572-2",656
"15894-9",39
"15633-1",8
"6161-4",21
"6065-7",25
"6136-6",201
"30195-2",98
"28644-3",5957
"55180-4",111
"49026-8",58
"51002-4",58
"44705-2",2
"49027-6",58
"51003-2",58
"13203-5",245
"63459-2",11496
"17782-4",1983
"35165-0",93
"35175-9",93
"35163-5",93
"30518-5",946
"35160-1",92
"35411-8",93
"35168-4",93
"35180-9",93
"32031-7",136
"29463-7",1291
"1836-6",24
"14314-9",10054
"3617-8",10
"32649-6",10
"2660-9",10
"22712-4",10
"6367-7",1502
"51716-9",811
"29498-3",29
"6944-3",54
"26895-3",1371
"39001-3",119
"49487-2",273
"12396-8",55
"29160-9",1371
"32435-0",947
"13083-1",49
"9316-1",71
"13760-4",26
"7172-0",157
"19146-0",120
"49638-0",58
"10897-7",71
"35457-1",29
"53922-1",9
"9539-8",71
"39573-1",21
"21689-5",9
"18337-6",147
"10989-2",174
"41762-6",5
"22641-5",4
"16141-4",3
"41766-7",5
"49254-6",22
"29537-8",107
"14247-1",2
"6229-9",4876
"42757-5",115220
"6195-2",6039
"15285-0",4971
"6077-2",4835
"6124-2",6157
"15283-5",6630
"6095-4",6751
"6274-5",5534
"20078-2",814
"20061-8",412
"2999-1",520
"21822-2",193
"2971-0",12
"41090-2",8
"29911-5",28
"63929-4",7
"13307-4",286
"26570-2",1209
"56669-5",12
"38387-7",211
"20599-7",1288
"32518-3",1289
"20594-8",1188
"50542-0",338
"60363-9",1
"41613",5
"185-9",7
"13606-9",3
"1006-6",5
"2348-1",12
"16099-4",5
"279-0",2
"21785-1",28
"19648-5",23
"3831-5",9096
"32354-3",867659
"32713-0",858187
"2032-1",427448
"5738-0",1
"516-5",1
"47414-8",78
"20568-2",324
"52984-2",132
"73825-2",31
"46958-5",7
"57317-0",123
"45190-6",43
"59263-4",301
"55135-8",629
"35300-3",1
"21727-3",4
"15612-5",1
"15641-4",3
"56131-6",5
"15537-4",1
"9551-3",1
"11097-3",1
"9544-8",1
"3821-6",55
"10341-6",1
"3887-7",4
"21579-8",3
"30055-8",37
"30068-1",37
"30066-5",37
"30056-6",37
"30063-2",37
"28603-9",37
"30051-7",5
"73689-2",32
"26609-8",162
"8338-6",3
"21194-6",47
"2829-0",59
"69361-4",344
"18484-6",527
"45152-6",534
"72856-8",250
"49029-2",38
"4021-2",48
"50641-0",8
"6688-6",47
"29500-6",1
"5619-2",9
"25087-8",1
"29527-9",1
"12208-5",2
"3675-6",1
"7948-3",1
"25111-6",1
"25125-6",1
"24443-4",1
"43237-7",13
"38160-8",4
"49448-4",1
"34720-3",2516
"11579-0",101219
"61151-7",145281
"18311-1",364
"57751-0",92121
"71853-6",1111
"12189-7",6485
"708-8",1558
"24472-3",27
"23860-0",3706
"19996-8",13384
"3520-4",206
"69047-9",155
"24471-5",27
"32146-3",20323
"22450-1",1
"40704-9",15
"22446-9",1
"11183-1",2
"11235-9",7938
"48683-7",2182
"70204-3",2
"72486-4",4751
"55349-5",20
"9844-2",15
"29300-1",227
"8462-4",15
"16107-5",17
"3827-3",79
"26797-1",1
"30473-3",1
"26972-0",1
"29875-2",3
"30478-2",1
"43171-8",2
"47418-9",1
"65808-8",6
"40620-7",233
"50896-0",571
"7604-2",225
"29903-2",7
"1779-8",115
"54079-9",21810
"6183-8",241
"1777-2",113
"13048-4",2
"6242-2",32
"54078-1",10905
"7691-9",67
"10702-9",211
"70061-7",2
"36922-3",127
"28059-4",51
"10343-2",54
"33016-7",15
"66131-4",1152
"45324-1",4
"48495-6",19
"43273-2",87
"45284-7",2
"9652-9",3
"14027-7",1
"5876-7",8826
"19000-9",1
"14689-4",5
"29647-5",8
"85269-9",9094
"36908-2",394
"40879-9",2
"75325-1",24
"48018-6",4
"79190-5",37
"48850-2",24
"51760-7",35
"36925-6",8
"88517-8",2924
"32577-9",5
"53278-8",9
"48410-5",2
"50551-1",4
"53831-4",15
"27161-9",14
"43357-3",1
"43225-2",51
"20522-9",10308
"16227-1",5154
"49760-2",11
"49751-1",9087
"82207-2",33
"82213-0",33
"8691-8",3
"77207-9",986
"46082-4",2
"60676-4",1
"82198-3",33
"80351-0",33
"35870-5",1
"72524-2",1
"88743-0",1
"82390-6",1
"59026-5",1
"88736-4",1
"103331-7",5
"2524-7",1
"73748-6",1
"35802-8",1
"82204-9",29
"6527-6",24
"53312-5",1
"5946-9",2
"77023-0",9
"77732-6",4
"48033-5",3
"55940-1",1
"39000-5",1
"53471-9",1
"35154-4",1
"89350-3",3
"1968-7",2036712
"9317-9",1598566
"1825-9",10278
"3531-1",211
"3393-6",200373
"16192-7",3045
"3255-7",284872
"20656-5",296
"20648-2",296
"2986-8",101089
"5631-7",7903
"2338-2",286
"13967-5",6179
"3125-2",461
"2216-0",3098
"770-8",6793103
"21198-7",292430
"31208-2",656625
"2545-2",1211
"2091-7",22238
"3128-6",5440
"31147-2",13022
"774-0",1061356
"707-0",1314216
"10998-3",190787
"66746-9",1321153
"8041-6",16905
"768-2",1381506
"11277-1",904196
"2614-6",959338
"22672-0",324
"49896-4",3434
"35741-8",9984
"3040-3",495400
"3051-0",59664
"10886-0",15911
"16223-0",2860
"3053-6",90305
"3853-9",2015
"3050-2",202171
"5669-7",256
"3819-0",129
"5273-8",5297
"25419-3",772
"2164-2",2369
"3232-6",270
"35668-3",5320
"2344-0",17894
"4544-3",12897611
"741-9",1195332
"4025-3",20375
"706-2",6793155
"2890-2",155877
"6969-0",25372
"3571-7",20574
"5778-7",1922
"5292-8",26564
"13969-1",215351
"1869-7",7716
"14338-8",223204
"14725-6",216250
"19555-2",6853
"30226-5",33
"20655-7",296
"2251-7",126
"2963-7",2597
"22314-9",27249
"7790-9",163644
"41219-7",30
"21203-5",499
"751-8",6831556
"15432-8",1208
"23883-2",14577
"17016-7",169
"19145-2",91
"2470-3",4987
"28060-2",445
"3281-3",1072
"15343-7",511
"27118-9",2843
"50377-1",18
"43304-5",2028
"30106-9",258
"3174-0",331
"85954-6",400
"776-5",158382
"12646-6",2773
"86107-0",407
"36916-5",84656
"13951-9",3657
"61048-5",4613
"1754-1",35658
"14286-9",925
"3660-8",52
"25137-1",167
"15207-4",933
"11114-6",135
"3498-3",59
"2714-4",934483
"35140-3",2000
"14627-4",794309
"41394-8",223
"25421-9",200
"16136-4",17976
"18385-5",2399
"11120-3",7345
"2744-1",2737749
"2705-2",800497
"50715-2",626
"9833-5",392
"29495-9",2491
"16135-6",17989
"48818-9",1
"9572-9",811
"10333-3",35512
"3455-3",25
"6919-5",555
"41491-2",137
"15363-5",2974
"29572-5",100421
"21415-5",4521
"29541-0",3350
"45025-4",1266
"10992-6",443
"35703-8",137
"4625-0",423
"51730-0",1239
"14618-3",7871
"21191-2",4517
"4552-6",38384
"13305-8",3125
"6318-0",98
"26493-7",6035
"19752-5",1959
"29507-1",162
"11256-5",657
"14958-3",925
"2870-4",189
"33935-8",1336
"15359-3",2397
"24111-7",319707
"48767-8",14628
"14121-8",261
"53563-3",67
"12310-9",11764
"15362-7",790
"3418-1",22
"18310-3",434
"65633-0",3110
"27819-2",2647
"27392-0",2443
"8039-0",242
"5821-4",804892
"5393-4",258
"5804-0",1112662
"33550-5",67
"27057-9",1891
"1903-4",2205
"24447-5",691
"12227-5",764633
"2923-1",4617
"47322-3",74
"9813-7",2298
"8218-0",83
"9597-6",5263
"27379-7",44
"59464-8",1561
"30328-9",109
"4484-2",466
"33472-2",224
"11064-3",12
"27821-8",343
"30534-2",123
"6014-5",115
"1953-9",93
"57911-0",261
"33951-5",118
"6158-0",639
"8127-3",11686
"29990-9",65
"6092-1",180
"15284-3",5208
"6279-4",24
"6152-3",5790
"8129-9",6931
"29605-3",369
"4087-3",869
"20575-7",20781
"34645-2",20
"9765-9",39
"56537-4",3397
"21665-5",130
"15981-4",1
"7613-3",117
"16057-2",74
"7291-8",50
"6153-1",85
"15690-1",23
"6266-1",73
"6217-4",5
"3089-0",2
"15607-5",172
"14151-5",37243
"21765-3",1
"13202-7",243
"32853-4",3
"12443-8",2
"35162-7",84
"30520-1",946
"35170-0",93
"35178-3",93
"35167-6",93
"35173-4",93
"42330-1",751
"35150-2",99
"35177-5",84
"49748-7",1253
"38476-8",12684
"3494-2",112
"3801-8",6
"57069-7",12
"9740-2",6
"6306-5",23
"21112-8",180
"14873-4",38782
"9736-0",8
"35135-3",74
"4507-0",26
"35738-4",184
"6906-2",14
"50763-2",28
"48329-7",273
"50761-6",28
"13078-1",49
"27067-8",18
"21566-5",273
"9540-6",71
"18387-1",22
"27417-5",156
"21510-3",71
"26505-8",1334
"43393-8",50
"51968-6",302
"41745-1",44
"16746-0",1
"42202-2",7
"12782-9",3512
"59264-2",311
"6189-5",6707
"6261-2",5958
"20076-6",669
"19254-2",205396
"48601-9",17
"11046-0",828
"58383-1",58
"62343-9",23
"30911-2",4
"41294-0",4
"32751-0",1188
"46699-5",30
"53767-0",54
"11071-8",42
"60406-6",1
"23658-8",9
"189-1",6
"61049-3",3
"60360-5",1
"225-3",10
"31037-5",6
"60467-8",80
"30313-1",867729
"40973-0",29
"26889-6",66
"6929-4",6
"40834-4",3
"12401-6",1
"3725-9",4
"9835-0",9093
"32703-1",2
"9541-4",1
"3860-4",1
"12552-6",1
"4078-2",1
"56850-1",1761
"28595-7",37
"30059-0",37
"30067-3",36
"73691-8",37
"26599-1",162
"26607-2",163
"64038-3",537
"19642-8",41383
"73971-4",13693
"3697-0",25
"21823-0",554
"33772-5",534
"51586-6",718
"59377-2",1
"29506-3",1
"29508-9",1
"24436-8",1
"47542-6",1
"63091-3",7
"45062-7",4
"57768-4",2
"9425-0",1
"25093-6",1
"25114-0",1
"2550-2",5
"44014-9",2
"2499-2",5
"52757-2",2
"25126-4",1
"24444-2",1
"25684-2",12
"7886-5",6
"30239-8",373
"53019-6",446
"54410-6",451
"5908-9",823
"748-4",10269
"33233-8",178
"46989-0",66
"60026-2",92112
"30083-0",982
"3251-6",471
"30318-0",9549
"71694-4",3434
"42338-4",255
"13047-6",588
"33221-3",163
"664-3",75096
"4633-4",195
"55776-9",3800
"30230-7",3572
"20570-8",18138
"17784-0",693
"21518-6",268
"3435-5",51
"41858-2",52
"10851-4",6
"13068-2",45
"77174-1",19
"22322-2",6737
"42784-9",4370
"61372-9",1203
"280602-2",17
"12788-6",10
"3506-3",79
"47215-9",357
"50239-3",4178
"30576-3",1
"26685-8",1
"35554-5",1
"16277-6",2
"29864-6",1
"29865-3",1
"27272-4",1
"29629-3",1
"20559-1",5160
"29880-2",1
"30577-1",1
"2432-3",1
"26799-7",1
"2346-5",1
"30475-8",1
"6927-8",1
"2530-4",1
"29874-5",1
"42921-7",9
"34621-3",2
"21394-2",10
"32583-7",1
"2824-1",1
"32584-5",1
"52132-8",154
"28640-1",379
"58091-0",10905
"6087-1",83
"6178-8",225
"1755-8",15
"20465-1",168
"68376-3",6
"33263-5",5
"57086-1",10905
"46746-4",10905
"6257-0",6
"6206-7",140
"49309-8",6
"11244-1",3
"6412-1",16
"59730-2",51
"3392-8",73
"77202-0",232
"51435-6",13
"53039-4",208
"49857-6",6075
"44079-2",2
"26776-5",1
"82155-3",15
"35462-1",10569
"53313-3",1
"32361-8",4
"806-0",3
"6965-8",4
"40987-0",7554
"16222-2",5721
"60554-3",15
"66745-1",1324
"66751-9",2921
"6873-4",721
"142-0",2
"82380-7",3
"81285-9",8
"46455-2",15
"5585-5",1
"21130-0",2
"51386-1",7
"49853-5",13
"29891-9",106
"51776-3",5153
"74217-8",3
"19619-6",5154
"17395-5",9089
"9394-8",4
"86045-2",6
"86098-1",6
"19344-1",5722
"9633-9",2
"82210-6",33
"82202-3",39
"11449-6",4
"76425-8",3
"42634-6",25
"78236-7",33
"56718-0",41
"46724-1",1
"5640-8",9
"6172-1",1
"3636-8",1
"80349-4",33
"32338-6",1
"6837-9",1
"54918-8",1
"48005-3",3
"88738-0",1
"81742-9",1
"88742-2",1
"88741-4",1
"31369-2",3
"56144-9",2
"80426-0",1
"48726-4",3
"58381-5",1
"82939-0",1
"33980-4",15
"57320-4",6
"20629-2",1
"82440-9",32
"77022-2",9
"34177-6",1
"30247-1",3
"63177-0",1
"42939-1",26
"48003-8",1
"15085-4",1
"89351-1",3
"89341-2",3
"21556-6",1
"26452-3",58571
"6690-2",18268375
"718-7",13110739
"5811-5",1809534
"5902-2",4455721
"3432-2",11066
"10535-3",42648
"4086-5",33260
"3862-0",60
"3016-3",1930785
"19141-1",52139
"4477-6",1261
"3616-0",52
"19670-9",20627
"6733-0",1194
"58023-3",847
"21458-5",616
"31372-6",21131
"28601-3",40
"2748-2",8198
"1747-5",14259
"14334-7",13888
"744-3",1349682
"738-5",1183835
"764-1",1417844
"19389-6",20650
"3754-9",20656
"14957-5",210467
"5796-8",371157
"5793-5",54282
"27222-9",1082
"4095-6",20604
"51703-7",287
"777-3",11868080
"2160-0",12559187
"5767-9",1798311
"18262-6",7363
"5196-1",42481
"3872-9",719
"5775-2",1430
"1798-8",262031
"14979-9",3873460
"25542-2",325
"6824-7",75546
"3333-2",260
"3936-2",213909
"20658-1",295
"20652-4",297
"19725-1",2521
"5685-3",3583
"2283-0",3674
"33569-5",39343
"5905-5",6836635
"5159-9",22251
"3198-9",1232
"737-7",1395868
"12294-5",20628
"20563-3",965382
"2742-5",15595
"6687-8",494
"51729-2",289
"30471-7",19161
"704-7",6718756
"30089-7",89317
"14115-0",185
"19762-4",18277
"28543-7",58585
"33256-9",224613
"786-4",11838037
"19048-8",1007428
"5325-6",129
"20651-6",296
"5583-0",3334
"16823-7",21148
"21525-1",3747
"3226-8",1602
"7797-4",45322
"32112-5",20657
"734-4",896037
"69050-3",5665
"740-1",228162
"19834-1",269
"12173-1",40
"6874-2",1623
"33050-6",23
"2874-6",186850
"26485-3",23002
"30180-4",22342
"69405-9",841496
"4510-4",41
"29770-5",135
"21347-0",6440
"1530-5",2737
"42315-2",23
"49051-6",354
"9795-6",9045
"34519-9",2397
"13950-1",2886
"3138-5",3410
"32217-2",175
"48643-1",4880605
"19359-9",127858
"26507-4",3640
"14196-0",2415
"14308-1",1070
"14902-1",20325
"4667-2",21
"53814-0",14
"52123-7",1245
"19994-3",532568
"17781-6",393
"49090-4",2494
"40583-7",2488
"31017-7",34554
"43227-8",1548
"9709-7",209
"25084-5",167
"25135-5",179
"44871-2",278
"14170-5",1274
"30525-0",626
"33290-8",238
"62365-2",3818
"3422-3",5422
"3093-2",200
"11107-0",114
"1974-5",1053
"51581-7",7292
"2336-6",459105
"53027-9",23296
"59697-3",58
"1927-3",684630
"3724-2",84
"40673-6",837
"7918-6",15162
"3184-9",161788
"33037-3",9742870
"12288-7",40
"27873-9",3689
"32771-8",44687
"48807-2",15945
"20510-4",75
"51196-4",38362
"38169-9",621
"11158-3",22
"27831-7",416
"9800-4",7879
"2467-9",4525
"3774-7",158070
"13782-8",950
"29945-3",1585
"4503-9",5
"69965-2",267
"13927-9",1005
"34959-7",190
"6913-8",500
"5146-6",137
"13348-8",248
"46718-3",632
"26454-9",20074
"3398-5",158342
"6917-9",526
"38478-4",100421
"29947-9",1589
"48398-2",211
"6954-2",645
"53336-4",100419
"8220-6",157422
"33477-1",333
"5820-6",2941
"2667-4",1856
"13945-1",785233
"19343-3",130388
"4621-9",30
"2504-9",13
"11253-2",395848
"35677-4",5196
"27094-2",2443
"27113-0",2443
"22496-4",66174
"29964-4",1442
"2218-6",317
"40839-3",3897
"17838-4",905
"15014-4",347
"30894-0",1837
"32641-3",124
"21702-6",126
"6598-7",623720
"30358-6",122
"42938-1",584
"43399-5",46
"35656-8",107
"30332-1",123
"30542-5",109
"2460-4",257
"13485-8",90
"30551-6",121
"14207-5",252
"43397-9",74
"3389-4",28
"8235-4",39
"14213-3",107
"42914-2",24
"3471-0",3
"26484-6",10258
"5781-0",239
"49493-0",14
"15773-5",183
"15913-7",26
"13820-6",26
"5247-2",597
"8128-1",11726
"8124-0",3343
"17834-3",364
"6270-3",176
"13926-1",241
"38260-6",367
"6110-1",5297
"27424-1",3
"81732-0",31
"9767-5",39
"5609-3",34
"2150-1",730
"30568-0",40
"44081-8",44
"22316-4",7388
"6915-3",43
"14201-8",34
"33210-6",133
"906-8",10
"47320-7",733
"15910-3",10
"15661-2",6
"15784-2",6
"15586-1",95
"6091-3",6
"6275-2",1
"15805-5",234
"50544-6",1290
"16207-3",7
"22671-2",98
"62292-8",414640
"28646-8",5952
"48979-9",12
"57938-3",58
"49054-0",276399
"41119-9",2
"33981-2",2
"63453-5",11479
"6428-7",2764
"53835-5",613
"35155-1",94
"35179-1",92
"35171-8",84
"16118-2",1217
"14883-3",223
"53765-4",573
"9451-6",26
"12736-5",6
"48311-5",7
"3312-6",72
"38170-7",5
"15378-3",2
"32131-5",4
"21612-7",777
"3457-9",2
"12914-8",59
"3341-5",8
"70291-0",6
"8670-2",1124
"54906-3",142
"4069-1",10
"6563-1",124
"12416-4",9
"56164-7",12
"35472-0",276
"26859-9",1372
"21567-3",273
"53761-3",122
"50764-0",28
"6899-9",50
"6420-4",322
"2148-5",375
"42349-1",416
"53595-5",13
"49839-4",2472
"18481-2",25747
"5702-6",10
"35505-7",50
"2895-1",56
"19550-3",47748
"26845-8",6
"20659-9",176
"29538-6",103
"35354-0",2
"14212-5",1332
"36924-9",68
"10335-8",35467
"14248-9",4
"6260-4",4819
"34705-4",952087
"20564-1",217121
"46092-3",15489
"21422-1",1314
"2099-0",42
"25390-6",4
"14135-8",1291
"15195-1",1270
"933-2",31
"13450-2",15
"46217-6",31961
"45030-4",4193
"9557-0",1190
"26573-6",1207
"40999-5",60
"38251-5",47
"11230-0",42
"60402-5",1
"3780-4",117
"10975-1",3
"57980-5",4
"30427-9",35788
"2589-0",13
"7974-9",8
"10510-6",32
"6905-4",8
"2617-9",424200
"13032-8",2
"46950-2",8
"54143-3",3
"2736-7",7
"54144-1",3
"50956-2",991
"1743-4",592
"1680-8",2
"10358-0",1
"26707-0",2
"35358-1",1
"33947-3",2
"56129-0",5
"16080-4",1
"6093-9",1
"267-5",1
"9545-5",1
"15372-6",4
"32552-2",77
"30053-3",37
"30052-5",34
"49089-6",33
"26600-7",162
"26613-0",162
"32229-7",27
"32248-7",27
"31695-0",525
"71773-6",2253
"69380-4",10
"48670-4",484
"45149-2",534
"68549-5",251
"72854-3",250
"29600-5",1
"3785-3",2
"29503-0",1
"2063-6",1
"29525-3",1
"5625-9",3
"29523-8",1
"8159-6",1
"62455-1",3
"24438-4",1
"3201-1",1
"38164-0",2
"24440-0",1
"25120-7",1
"5700-0",1
"5401-5",1
"14866-8",4668
"55141-6",73
"3926-3",33
"3137-7",757
"40619-9",7867
"39478-6",7896
"22763-7",3144
"57845-0",3706
"2615-3",62
"50233-6",4881
"50563-6",92113
"34187-5",867
"31203-3",80
"72223-1",1610
"11475-1",215572
"49024-3",362801
"8302-2",112
"58413-6",404514
"13532-7",706
"58466-4",11
"33900-2",1713
"13941-0",3578
"24476-4",228
"44728-4",134
"32731-2",3119
"3680-6",79
"32153-9",6
"3683-0",79
"50759-0",31
"74117-3",63
"48865-0",82
"29871-1",1
"1748-3",2
"43226-0",1
"68123-9",1
"14662-1",4
"1796-2",1
"20618-5",2
"29877-8",1
"6169-7",1
"28639-3",439
"19256-7",233
"50008-2",720
"12179-8",88
"54081-5",10905
"2240-0",5
"29610-3",87
"55782-7",5
"20404-0",1129
"7120-9",15
"30088-9",18
"6179-6",225
SOLOINC,61
"27921-6",54
"56633-1",7
"13576-4",240
"21599-6",2
"6918-7",2
"25896-2",5
"64234-8",2027
"14028-5",1
"52121-1",2
"42772-4",1
"24082-0",1
"5587-1",18
"41406-0",10
"5679-6",1
"9359-1",2
"41163-7",1
"335-0",9
"14020-2",2
"44794-6",1001
"20565-8",140
"33662-8",15
"54006-2",8
"33938-2",14
"33822-8",14
"41760-0",16
"33-1",1
"3415-7",2
"13175-5",9
"82991-1",28
"18185-8",150
"59615-5",5154
"19448-0",9092
"34695-0",29
"86052-8",6
"69933-0",8
"6964-1",3
"19753-3",1
"363-2",1
"8266-9",21
"533-0",3
"57930-0",24
"15159-7",2
"75880-5",38
"47251-4",6
"82976-2",1
"81258-6",3
"61122-8",1
"45194-8",5
"11478-5",1
"43882-0",4
"18878-9",1
"9558-8",4
"49687-7",1
"49747-9",4
"44754-0",1
"94309-2",1
"54206-8",3
"25835-0",2
"49693-5",4
"18438-2",1
"74130-6",1
"63475-8",460
"72493-0",3
"94563-4",571
"89358-6",3
"9728-7",1
"1874-7",6552
"2458-8",216850
"10334-1",66659
"5324-9",129
"20448-7",11131
"5403-1",82943
"5370-2",2621
"8091-1",15670
"731-0",816052
"35678-2",83894
"27301-1",2
"20624-3",13190
"2881-1",24114
"1868-9",19
"5992-3",53
"3592-3",20653
"10381-2",332833
"3013-0",67979
"21582-2",6973
"27038-9",4042
"31146-4",385
"56540-8",2655
"713-8",6816575
"5206-8",2597
"26487-9",58306
"28544-5",58433
"5763-8",10130
"2514-8",765679
"30341-2",392895
"20574-0",839
"3690-5",117
"3579-0",61
"8067-1",22802
"2243-4",76566
"3021-3",757
"19053-8",177
"2889-4",6390
"2093-3",2200190
"13590-5",2299
"728-6",1162447
"714-6",1329431
"59169-3",20649
"3483-5",20653
"46963-5",7068
"49740-4",30
"3126-0",318
"21033-6",39407
"44737-5",686
"19113-0",15809
"5815-6",1128
"4537-7",45970
"1988-5",154807
"3879-4",206611
"3390-2",211789
"53961-9",75956
"5307-4",694
"20642-5",296
"4073-3",13
"34410-1",2538
"33572-9",2480
"2230-1",3098
"34695-7",16131
"3737-4",20660
"58428-4",11621
"26543-9",48
"3576-6",21
"26052-1",51384
"34163-6",904738
"41865-7",10692
"23992-1",359
"1800-2",25
"2701-1",566
"6968-2",24581
"33421-9",1317
"14273-7",651
"5859-4",1611
"5209-2",3104
"12616-9",118
"6690-3",49199
"786-5",41783
"777-4",49069
"26450-7",22701
"22635-7",2004
"21081-5",403
"31437-7",184
"2990-0",14252
"40844-3",6082
"30433-7",1656
"12610-2",2770
"85977-7",407
"33944-0",84638
"3209-4",8988
"5076-5",1837
"58417-7",20336
"32120-8",20338
"4090-7",782
"29524-6",167
"2950-4",427
"45155-9",4048
"11128-6",152
"42248-5",178
"5005-4",980
"12347-1",52
"61177-2",522
"5245-6",16
"4532-8",3136
"43201-3",4628
"3924-8",151
"8061-4",10539
"1960-4",1858795
"11153-4",502
"8049-9",369
"25925-9",1367
"53962-7",2174
"27812-7",43
"25083-7",162
"5107-8",674
"2357-2",125
"48633-2",100420
"2693-0",1248
"10864-7",33
"30896-5",846
"54105-2",100419
"53772-0",1584
"6955-9",645
"6916-1",524
"32683-5",7039
"49228-0",65
"3399-3",42
"29966-9",223
"2947-0",171466
"43215-3",828
"44525-4",60
"3256-5",74
"15112-6",3
"33288-2",100421
"11016-3",190
"9426-8",157847
"13722-4",134
"5117-7",15
"5144-1",137
"13734-9",950
"21668-9",394
"2898-5",49
"2639-3",293
"6774-4",229
"4998-1",3616
"25112-4",174
"2520-5",265
"29904-0",895
"20507-0",431273
"27374-8",2443
"14956-7",1811
"2900-9",7029
"26506-6",12
"49256-1",1089
"35707-9",347
"13046-8",122
"20447-9",3059
"2110-5",1002
X29142-7,1382
"2532-0",141946
"9589-3",5263
"45322-5",585
"2956-1",221
"3537-8",61
"2756-5",90
"48309-9",754
"39528-5",56
"2030-5",334
"47982-4",1271
"30560-7",107
"19171-8",193
"5646-5",2
"8190-1",91
"66127-2",38
"27816-8",90
"20468-5",29
"35642-8",1568
"26449-9",10116
"11141-9",436
"8122-4",4622
"14108-5",289
"14664-7",376
"33194-2",174
"7674-5",50
"35651-9",365
"29141-9",1430
"3271-4",8
"33640-4",42430
"61430-5",422
"32283-4",869
"6809-8",699
"6912-0",43
"34468-9",358
"22312-3",1661
"6818-9",615
"6808-0",699
"3240-9",1
"32366-7",260
"21561-6",489
"30392-5",586
"3086-6",4
"15815-4",21
"33007-6",13
"9828-5",5
"6143-2",6
"6115-0",3
"6156-4",5210
"15618-2",25
"16065-5",153
"6718-1",212
"30197-8",98
"22761-1",98
"13041-9",24
"28648-4",5951
"2606-2",5
"49631-5",39
"38895-9",17
"63244-8",574
"53726-6",2
"43392-0",58
"29938-8",70
"54434-6",1707
"43239-3",1
"35166-8",93
"24461-6",94
"6765-2",85
"35157-7",93
"21036-9",9
"35149-4",94
"31019-3",2243
"2471-1",32
"10451-3",923
"32300-6",38922
"5681-2",474
"11878-6",778
"17110-8",5
"18244-4",370
"25638-8",14
"3653-3",6
"44877-9",925
"12389-3",25
"62333-0",97516
"49038-3",356
"5880-0",60
"53575-7",644
"46725-8",41
"33282-5",1371
"13077-3",49
"41617-2",129
"50762-4",28
"53779-5",84
"48327-1",273
"1813-5",39
"11060-1",21
"39804-0",288
"21509-5",71
"57132-3",75
"27391-2",156
"35698-0",38
"41747-7",5
"29267-2",14
"1951-3",18
"6098-8",6960
"32997-9",13
"17547-1",5
"13290-2",79
"50387-0",1
"2145-1",2278
"6020-2",6734
"7415-3",6126
"6096-2",6838
"19941-4",71
"49701-6",205852
"46090-7",15489
"49049-0",366
"70173-0",231
"7912-9",12150
"7909-5",14195
"21801-6",2
"6970-8",12
"3669-9",28
"48674-6",2
"25375-7",17
"54218-3",1289
"13302-5",46
"51952-0",147
"35456-3",742
"5825-5",7
"15693-5",2
"1517-2",3
"54067-4",267
"12191-3",2
"43291-4",135
"10540-3",4
"5689-5",4
"11246-6",9093
"33001-9",15
"38542-7",4
"14191-1",1
"40969-8",29
"1954-7",32
"54142-5",3
"33959-8",35955
"73824-5",11
"58755-0",609
"46947-8",8
"46957-7",7
"6706-6",25
"41283-3",987
"15398-1",10
"47255-5",52
"1970-3",2
"16276-8",38
"35801-0",1
"18370-7",3
"58009-2",681
"25821-0",21
"30062-4",37
"30161-4",33
"5624-2",12
"73690-0",37
"9410-2",89
"12146-7",35
"26608-0",168
"26605-6",162
"20634-2",162
"55876-7",162
"28599-9",32
"28598-1",27
"28596-5",29
"28590-8",36
"30511-0",38
"3610-3",2
"3464-5",1
"9755-0",47
"24435-0",1
"25082-9",1
"60456-1",16
"47537-6",1
"29522-0",1
"62457-7",8
"39002-1",3
"13338-9",16
"29514-7",1
"29516-2",1
"25104-1",1
"7919-4",1
"21007-0",1
"30241-4",5
"15187-8",12
"17869-9",2
"49432-8",12
"14948-4",1
"25682-6",12
"33511-7",3
"25140-5",1
"8244-6",3
"56130-8",139
"53292-9",61848
"10330-9",3060
"779-9",9243
"50558-6",92112
"41759-2",466
"47596-2",18278
"1922-4",2769
"1963-8",416253
"17856-6",42287
"50225-2",6493
"49311-4",824
"45265-6",36
"44722-7",769
"50560-2",92113
"32585-2",108
"2056-0\",6
"71772-8",4665
"71776-9",21259
"23830-3",324
"14646-4",2
"43180-9",34
"23825-3",33
"21365-2",106
"3807-5",6
"30039-2",104
"34481-2",4730
"15152-2",6
"27270-8",1
"26751-8",1
"29621-0",1
"29626-9",1
"27132-0",1
"29882-8",1
"29884-4",1
"6411-3",2
"4983-3",1
"31186-0",1
"20474-3",4
"54090-6",43620
"7090-4",37
"6097-0",12
"7258-7",134
"6082-2",75
"59154-5",277
"7720-6",3
"6273-7",88
"57090-3",111
"68994-3",118
"75608-0",4540
"3456-1",51
"21328-0",27
"3778-8",15
"30112-7",15
"18356-6",15
UPE18,2
"3148-9",7441
"7759-4",2
"9619-8",1
"6167-1",2
"48720-7",121
"16162-0",66
"82520-8",24
"5686-1",1
"634-6",10
"48049-1",5
"6460-0",6
"6299-2",140
"64084-7",2924
"3854-7",14
"49612-5",9
"52789-5",1329
"52778-8",5311
"174-3",1
"146-1",2
"15898-0",1
"3687-1",4
"39010-4",2
"16201-6",5154
"16348-5",5154
"86122-9",6
"86039-5",6
"51988-4",8
"59668-4",5154
"21742-2",1
"44524-7",64
"7557-2",1
"18865-6",1
"82199-1",41
"82211-4",39
"82979-6",11
"46252-3",5
"44828-2",5
"9571-1",3
"600-7",1
"81754-4",986
"82209-8",33
"82978-8",1
"33423-5",1
"12854-6",1
"88735-6",1
"6068-1",1
"18996-9",1
"6045-9",1
"50232-8",1
"18932-4",1
"56159-7",1
"68467-0",1
"80350-2",34
"32328-7",1
"23832-9",2
"82424-3",32
"82426-8",32
"6457-6",1
"74419-3",5
"42893-8",1
"86465-2",2
"43241-9",1
"79387-7",6
"72494-8",3
"69573-4",1
"59207-1",1
"1845-5",1
"26957-1",1
"93339-0",1
"89349-5",3
"89357-8",3
"67102-4",3
"79714-2",3
"40425-1",1
"26473-9",60671
"2823-3",13216551
"2839-9",39661
"25428-4",807955
"6948-4",9227
"5218-3",119
"20639-1",306
"2053-7",272
"14236-4",20018
"45142-7",39421
"2536-1",1211
"3218-5",1147
"26688-2",340
"3638-4",333
"27820-0",895
"12781-1",23070
"7791-7",582857
"11281-3",607
"3729-1",20660
"26541-3",39
"749-2",313516
"53525-2",9
"2708-6",1855877
"12195-4",13315
"13227-4",691
"742-7",6911364
"25148-8",4092
"12617-7",108
"21587-1",1403
"2871-2",187088
"8098-6",86662
"2951-2",13320828
"2028-9",12019041
"32693-4",1302003
"6825-4",10987
"55781-9",416
"20637-5",296
"2666-6",3096
"33599-2",356
"50948-9",493
"3187-2",1910
"6693-6",337
"10380-4",205811
"19532-1",20659
"3289-6",1123
"2505-6",263075
"29247-4",19186
"29744-0",257
"17522-4",643
"33380-7",919
"31153-0",891
"2351-5",3110
"1518-0",1175
"12851-2",223962
"4551-8",4643
"5126-8",4746
"20454-5",810650
"1759-0",852766
"60344-9",15011
"2039-6",163479
"2842-3",60262
"2484-4",9747
"2695-5",39195
"5124-3",46905
"12967-6",4754
"16142-2",427
"3491-8",149
"12363-8",20647
"19659-2",156827
"2342-4",34408
"10839-9",238698
"5774-5",51548
"3150-0",820445
"33510-9",902
"21654-9",9129
"2865-4",186878
"22637-3",21857
"4544-4",47247
"789-9",45367
"8116-6",1222
"21729-9",392
"2464-6",4910
"17015-9",182
"5892-5",237
"4057-6",1481
"17849-1",5875
"6924-5",1383
"8277-6",1648
"19312-8",20695
"30361-0",388
"49250-4",123
"86130-2",400
"14312-3",350
"14182-0",236
"43396-1",187226
"38380-2",2396
"34571-0",351
"13801-6",2106
"50378-9",16
"15158-9",932
"44340-8",140
"11103-9",134
"3663-2",6993
"3321-7",3682
"11526-1",5060
"20077-4",90
"55234-9",572
"19382-1",4376
"25089-4",167
"1952-1",20910
"11019-7",247
"20506-2",493984
"2703-7",2673459
"46986-6",393
"23878-2",675
"33410-2",36
"712-0",1274757
"29638-4",388
"1521-4",42
"9783-2",1098
"9832-7",392
"21108-6",1278
"6349-5",256
"29996-6",980
"8310-5",1286915
"21696-0",1973
"19429-0",11774
"27822-6",212
"20496-6",948
"35644-4",1757
"20057-6",56
"6298-4",171544
"29958-6",1258
"20513-8",9113
"27266-6",712
"13304-1",1812
"53261-4",111326
"1690-7",120
"11150-0",7344
"9784-0",750
"49659-6",727
"14836-1",11479
"3937-0",157876
"35400-1",1316
"13514-5",38822
"5098-9",61
"2468-7",4525
"38177-2",621
"15060-7",418
"18323-6",1352
"53776-1",1009
"49852-7",345
"3338-1",21
"53774-6",1601
"30078-0",257
"5017-9",122
"42664-3",2090
"29575-8",191532
"1809-3",62
"27092-6",2445
"17609-9",104
"5809-9",232
"18282-4",91196
"19270-8",137851
"30922-9",306
"5769-5",603433
"29942-0",313
"32724-7",2562
"5633-3",318
"21019-5",3405
"21190-4",15406
"9590-1",5263
"9598-4",5202
"9599-2",5202
"6321-4",5577
"46987-4",93
"17792-3",3637
"45315-9",309
"30531-8",121
"21262-1",29
"29257-3",125
"30565-6",121
"35655-0",121
"30233-1",121
"2519-7",1785
"30356-0",123
"30327-1",123
"30238-0",123
"5743-0",25
"9842-6",23
"21810-7",16
"49231-4",5
"47007-0",2
"44405-9",95
"17351-8",399
"15729-7",41
"15952-5",274
"32760-1",185
"53982-5",87
"15555-6",1723
"15821-2",135
"6061-6",35
"31209-0",1251
"6037-6",49
"5358-7",1029
"6209-1",5732
"6208-3",209
"15591-1",4
"1698-0",11
"6039-2",664
"32286-7",608
"6901-3",104
"29334-0",656
"22315-6",2595
"35466-2",4
"5283-7",326
"20626-8",28
"15734-7",6
"15789-1",5
"34416-8",35
"53640-9",4
"17718-8",307
"26020-8",1403
"55201-8",842
"49543-2",249
"46985-8",58
"58012-6",70
"41404-5",9
"35164-3",93
"27994-3",103
"14208-3",74
"2104-8",11
"40703-1",47
"5698-6",6
"5225-8",35
"14003-8",38996
"21341-3",12
"4039-4",9
"4509-6",44
"6898-1",4
"21484-1",951
"3639-2",23
"63249-7",561
"29253-2",760
"16855-9",52
"10543-7",6
"8170-3",72
"17501-8",26
"45371-2",5
"13082-3",49
"43626-1",327
"50816-8",84
"32817-9",41
"48328-9",273
"2485-1",130
"34694-0",1823
"13084-9",49
"6945-0",54
"55242-2",7
"21819-8",43
"33631-3",43
"19253-4",7
"26868-0",2
"32169-5",18
"10635-1",15
"41744-4",31
"56482-3",129
"41754-3",5
"12727-4",5
"41755-0",5
"2179-0",18
"29763-0",58
"42321-0",1
"46154-1",105162
"10946-2",2
"12722-5",313
"14044-2",62
"23024-3",39
"6265-3",6684
"6285-1",4804
"6109-3",6443
"32363-4",4794
"6909-6",35
"24467-3",1327
"33669-3",1
"31668-7",4
"20604-5",1270
"60536-0",83
"32519-1",1267
"19346-6",118
"3950-3",42
"40835-1",1
"63109-3",1
"10366-3",312
"50684-0",8
"3772-1",14
"13973-3",1
"2568-4",1
"12618-5",9
"46956-9",7
"46949-4",8
"53731-6",937
"46945-2",8
"10843-1",1031
"62367-8",6
"50328-4",2
"2853-0",23
"50322-7",2
"48794-2",294
"1835-8",601
"48793-4",592
"15958-2",1
"16082-0",1
"9626-3",1
"9548-9",1
"9549-7",1
"9550-5",1
"5255-5",53
"30057-4",37
"30058-2",37
"30064-0",37
"30054-1",37
"2961-1",82
"32046-5",56
"11957-8",36
"28593-2",30
"28588-2",30
"49573-9",88
"38173-1",706
"33915-0",300
"33921-8",539
"0051531",9
"21551-7",22
"9778-2",9
"29502-2",1
"29521-2",1
"25106-6",1
"15188-6",12
"32648-8",711
"17850-9",7
"56128-2",144
"19258-3",7832
"1959-6",18137
"934-0",62019
"702-1",12320
"882-1",63675
"7798-2",2393
"50555-2",92112
"46702-7",61850
"11156-7",82
"45270-6",209
"42337-6",255
"45390-2",6
"33516-6",3440
"9848-3",13376
"26997-7",30
"21374-4",19
"48866-8",82
"48067-3",7545
"53890-0",2
"43213-8",1
"3313-4",6
"15705-7",1
"29628-5",1
"10976-9",17
"29881-0",1
"29622-8",1
"5650-7",2
"21300-9",2
"6939-3",27
"30152-3",34
"2772-2",1
"5723-2",4
"65807-0",6
"28649-2",441
"28641-9",439
"51659-1",331
"7316-3",21
"2193-1",90
"29591-5",17
"10374-7",7
"6076-4",55
"6281-0",222
"20593-0",60
"6041-8",262
"6830-4",19
"60017-1",1017
"6248-9",106
"49914-5",44
"10835-7",50
"59589-2",3
"52966-9",2
"6331-3",23
"3777-0",240
"8219-8",244
"35277-3",7
"8149-7",292
"63415-4",12101
"65818-7",33
"73655-3",155
"49541-6",1
"6246-3",89
"13463-5",2
"1722-8",1
"14021-0",1
"14019-4",1
"5116-9",1
"34717-9",25
"49963-2",379
"54449-4",6090
"35139-5",8
"48174-7",1
"49010-2",78
"33774-1",8
"53998-1",5
"32578-7",5
"26848-2",14
"49865-9",56
"497-8",2
"71429-5",8
"49753-7",3
"43373-0",1
"60389-4",1
"51550-2",1
"13626-7",46
"58429-2",5601
"5761-2",20
"40982-1",6567
"6218-2",1
"48556-5",1
"33235-3",4
"82212-2",39
"82206-4",33
"30323-0",2
"26606-4",2
"8047-3",1
"65810-4",1
"19610-5",986
"6584-7",6
"33211-4",1
"84873-9",7
"90080-3",18
"3189-8",1
"61121-0",1
"10860-5",2
"13629-1",1
"29901-6",1
"51797-9",1
"88726-5",1
"21687-9",3
"40585-2",59
"76575-0",21
"35867-1",1
"69570-0",2
"26955-5",1
"79386-9",6
"20633-4",2
"5722-4",1
"788-0",11866521
"5778-6",1808815
"2777-1",2800936
"4548-4",1357839
"4542-7",51445
"1971-1",1800483
"47598-8",3463
"4024-6",32351
"8065-5",22796
"2276-4",383878
"16933-4",106365
"27811-9",7766
"20644-1",296
"20650-8",296
"5568-1",260
"5130-0",36031
"5274-6",5305
"35675-8",8775
"6766-0",107
"2571-8",2271221
"3969-3",24378
"789-8",11875208
"787-2",11879567
"3965-1",20654
"44448-9",5492
"6844-5",89
"33536-4",8866
"2085-9",2146259
"23991-3",386
"21419-7",19760
"13964-2",15182
"15048-2",1569
"31154-8",905
"15067-2",69378
"19151-0",2342
"5060-9",82401
"19123-9",4496722
"49292-6",368
"2811-8",266
"2284-8",192370
"6875-9",29092
"31627-3",15672
"35663-4",200525
"3096-5",1390
"19153-6",67285
"3834-9",168
"3536-0",127
"3330-8",358
"4015-4",19983
"20437-0",9519
"732-8",1358049
"5817-2",11544
"58450-8",6
"1975-2",6744416
"38404-0",11206
"5388-4",340
"6743-9",75454
"3034-6",334969
"5195-3",303795
"20573-2",841
"9627-1",115
"44446-3",1557
"2098-2",64
"26975-3",9329
"736-9",6793209
"18488-7",6923
"21362-9",207
"21482-5",83061
"21074-0",377
"3982-6",178
"29585-7",13184
"5998-0",43
"19483-7",60780
"17376-5",490
"20436-2",15407
"6288-5",57
"1761-6",16407
"59465-5",63779
"30522-7",333499
"687-4",1487
"3022-1",16044
"890-4",80179
"17780-8",6616
"7959-0",82
"32014-3",3527
"49549-9",10733
"55752-0",470531
"788-1",40785
"787-3",41921
"31438-5",184
"28005-7",469
"2500-7",50712
"16982-1",4700
"25435-9",155
"25489-6",8373
"23826-1",1072
"86080-9",807
"3154-2",9042
"5404-9",2526
"14071-5",20316
"18473-9",49968
"58442-5",5512
"86147-6",814
"86024-7",407
"5170-6",1077
"41867-3",173
"11011-4",544
"19577-6",20339
"27109-8",20333
"16197-6",56388
"7905-3",21
"29723-4",1072
"28067-7",258
"29308-4",3
"3409-0",51
"15202-5",932
"11112-0",7365
"35669-1",8157
"46137-6",175
"21619-2",22
"4059-2",5375
"15200-9",43
"3676-4",49
"55248-9",375
"23811-3",2494
"44099-0",5853
"35388-8",393
"30211-7",26605
"1657-6",232
"9404-5",5
"29535-2",656
"5975-8",99
"48378-4",244313
"5058-3",173
"27810-1",161
"33882-2",10904
"5057-5",154
"1986-9",7250
"48065-7",134636
"21026-0",429
"14085-5",853
"6320-6",5747
"29943-8",209
"29509-7",167
"53568-2",66
"3478-5",42
"32546-4",3162
"6845-2",4
"26530-6",882
"13733-1",950
"25099-3",162
"4575-7",463
"54084-9",100422
"10904-1",29
"4563-3",423
"34316-0",194
"5221-7",468
"13299-3",2656
"57723-9",100651
"9786-5",191
"38496-6",4396
"29946-1",1590
"2867-0",189
"2785-4",4
"21695-2",1986
"2704-5",36303
"38196-2",134811
"6920-3",555
"9838-4",1875
"5111-0",674
"48555-7",868
"5724-0",2239
"8247-9",553352
"13440-3",4329
"32043-2",320
"42765-8",65182
"5389-2",9309
"42860-7",158219
"16191-9",2271
"2955-3",10313
"19295-5",137974
"2998-3",12871
"3167-4",2142
"12838-9",155
"9593-5",5263
"9588-5",5263
"9592-7",5263
"9595-0",5263
"26028-1",669
"16125-7",29
"47318-1",441
"45321-7",649
"45323-3",52526
"33762-6",251127
"52756-4",123
"3278-9",60
"41273-4",13895
"30566-4",122
"14235-6",661
"30237-2",110
"30357-8",109
"30349-5",121
"30190-3",123
"20509-6",40340
"41647-9",7495
"18267-5",289
"21395-9",364
"15806-3",1
"25700-6",4182
"2778-9",434
"6230-7",27
"40491-3",367
"6054-1",4
"6081-4",58
"6220-8",34
"7369-2",6440
"12515-3",931
"61120-2",496
"19176-7",13846
"23820-4",616
"33009-2",307
"14200-0",35
"14683-7",636
"22327-1",24759
"15766-9",162
"15744-6",63
"6050-9",111
"30194-5",98
"30196-0",98
"2483-6",184
"33939-0",1943
"14062-4",451
"27984-4",2
"2187-3",2
"43729-3",1591
"53594-8",161
"35181-7",93
"42937-3",2940
"30192-9",342
"30519-3",946
"35169-2",93
"35182-5",93
"21215-9",166
"50659-2",1071
"10987-6",8
"10546-0",6
"9416-9",5
"5627-5",431
"3745-7",3
"47053-4",21
"17412-8",73
"21299-3",744
"10996-7",3
"13908-9",9
"3637-6",11092
"42726-0",6
"30065-7",56
"23868-3",1
"21821-4",67
"58738-6",1370
"23202-5",187
"53622-7",749
"15045-8",307
"29994-1",381
"41048-0",594
"6951-8",54
"33983-8",1037
"9315-3",71
"39572-3",21
"2837-3",224
"2755-7",93
"45182-3",5
"49269-4",13
"72833-7",21
"11259-9",649
"40595-1",40
"25129-8",4
"6833-8",6805
"29266-4",13
"40596-9",21
"29905-7",36
"6029-3",4915
"31666-1",40
"41767-5",5
"3999-0",9
"18485-3",1181
"2685-6",38
"14211-7",1220
"6066-5",5598
"6038-4",6005
"7155-5",3605
"38458-6",34
"59050-5",98
"35704-6",371
"8123-2",1325
"57290-9",479
"57291-7",479
"51951-2",147
"40995-3",8
"19695-6",42
"1506-5",3
"3487-6",66
"1004-1",5
"60349-8",1
"16095-2",2
"1434-0",18
"3508-9",9094
"241-0",5
"59673-4",2
"287-3",5
"2436-4",3
"29254-0",6
"10508-0",10
"16100-0",5
"3893-5",80
"41651-1",864657
"40966-4",23
"40968-0",23
"460-6",5
"508-2",2
"11882-8",11
"38445-3",6468
"46948-6",8
"50324-3",1
"48795-9",1009
"6644-9",2
"15570-5",1
"6835-3",1
"3244-1",6
"9546-3",1
"12238-2",16
"38356-2",7
"12382-8",4
"496-0",1
"30061-6",34
"29919-8",12
"26610-6",162
"32227-1",162
"20638-3",167
"26604-9",163
"28608-8",33
"30050-9",27
"28610-4",28
"5053-4",35
"69362-2",344
"4245-7",2
"33916-8",298
"30074-9",1
"46207-7",1
"3659-0",1
"25103-3",1
"25107-4",1
"25097-7",1
"24439-2",1
"10880-3",4
"29496-7",1
"10328-3",2
"25117-3",1
"47710-9",1
"24441-8",1
"38161-6",2
"49056-5",1
"58453-2",10
"35474-6",37
"62364-5",24813
"53306-7",1539
"24013-5",45
"12209-3",733
"49497-1",480
"3298-7",7555
"50230-2",1136
"53279-6",53
"58379-9",389
"2988-4",23
"43583-4",950
"48345-3",6184
"16130-7",4
"54438-7",15
"190-9",32
"43880-4",326
"42675-9",67
"69367-1",181
"13337-1",17
"69961-1",29
"781-5",1860
"16230-5",6
"29624-4",1
"21301-7",2
"29876-0",1
"30479-0",1
"28647-6",442
"28645-0",443
"71850-2",278
"57087-9",10905
"47109-4",190
"50401-9",47
"6190-3",27
"6244-8",225
"58929-1",333
"2779-7",32
"13354-6",218
"24429-3",110
"972-0",3077
"19077-7",1872
"35551-1",8
"76651-9",26
"8236-2",243
"59837-5",15
"66488-8",5
"50727-7",5
"50728-5",5
"50595-8",3
"6556-5",5
"26706-2",14
"62238-1",119
"58786-5",1
"33193-4",15
"14937-7",33
"6048-3",7
"9776-6",3
"2069-3",140
"32575-3",7
"32576-1",7
"54155-7",2
"73561-3",1159
"29-9",2
"4685-4",1
"49876-6",5154
"19713-7",9123
"19495-1",5154
"9383-1",4
"21626-7",5
"40988-8",6541
"6848-6",1
"18392-1",5357
"47532-7",1
"19751-7",1
"6141-6",1
"57901-1",3
"77879-5",986
"13696-0",1
"13697-8",1
"13698-6",1
"50750-9",1
"82200-7",39
"48407-1",2
"19553-7",179
"63439-4",1
"62947-7",9
"6159-8",2
"54238-1",1
"48409-7",1
"27071-0",1
"49500-2",355
"32137-2",355
"40444-2",3
"59195-8",1
"26951-4",1
"3084-1",707956
"15149-8",70882
"59462-2",112277
"4679-7",190208
"5644-0",210541
"2356-4",5405
"14315-6",23149
"69048-7",491641
"2143-6",79201
"20640-9",331
"10365-5",2004
"5574-9",75
"29956-0",308
"49310-6",116992
"4821-5",4640
"10360-6",604
"49257-9",3080
"1695-6",4022
"2671-6",2796
"13824-8",366
"3493-4",146
"14803-1",17063
"12228-3",6879
"5995-6",53
"769-0",1396546
"19157-7",70831
"19470-4",20653
"59646-0",20589
"20438-8",42528
"49745-3",30
"6198-6",58
"14628-2",2028
"1668-3",17834
"726-0",4
"7917-8",140188
"2429-9",396
"2731-8",128748
"3026-2",240266
"8251-1",28770
"1742-6",6542328
"2472-9",192267
"1871-3",8962
"2465-3",197435
"12442-0",28517
"2991-8",51629
"17713-9",2729
"5643-2",101730
"3349-8",233955
"3773-9",251772
"20649-0",296
"20647-4",293
"19727-7",2476
"11034-6",3947
"39354-6",35
"35673-3",2173
"14804-9",817847
"25742-8",4
"4680-5",4179
"30450-1",5855
"735-1",849270
"1547-9",9182
"6740-5",87
"6280-2",59
"67848-2",74945
"5814-9",5803
"5176-3",18941
"27948-9",4557
"4080-8",20594
"46128-5",11461
"49692-7",236
"2191-5",18880
"21667-1",150
"22634-0",21852
"11031-2",58401
"38256-4",58533
"2064-4",9312
"5770-3",727144
"711-2",6791673
"6864-3",17921
"3665-7",10532
"3582-4",60
"16194-3",3056
"20660-7",332
"14875-9",336
"1854-9",1461
"13248-0",904
"9656-0",118
"21383-5",341
"3978-4",466
"20578-1",136506
"38995-7",5740
"2270-7",3396
"5812-3",37
"1504-0",14822
"3097-3",400125
"20464-4",739
"26511-6",21307
"1646-9",10
"5042-7",65
"42481-2",218
"5846-1",236
"43305-2",2226
"48668-8",4523
"13914-7",65
"38180-6",1164
"48159-8",30837
"3182-3",2032
"2236-8",47572
"19710-3",20345
"33773-3",206
"34701-3",3839
"69049-5",4103
"9360-9",533
"20495-8",3526
"25101-7",168
"25134-8",156
"5634-1",138
"2711-0",705243
"5048-4",2949
"19566-9",12392
"17314-6",1473
"15087-0",1932
"32024-2",175
"35670-9",10365
"9708-9",211
"3548-5",57
"43995-0",2494
"9318-7",35013
"26446-5",489
"30446-9",1530
"6892-4",549
"50194-0",394
"2019-8",1955817
"2021-4",692590
"32009-3",1871
"40869-0",1063
"5103-7",674
"15069-8",5901
"40469-9",39
"9537-2",1176
"38178-0",624
"20071-7",3626
"19643-6",45004
"29963-6",766
"3335-7",170
"13298-5",2503
"20079-0",7786
"26528-0",889
"3193-0",1000
"3644-2",25
"56005-2",67
"6895-7",22
"6303-2",16583
"2873-8",189
"3151-8",11771
"56120-9",158358
"45028-8",1265
"2466-1",4612
"5677-0",206
"9335-1",56781
"9802-0",7870
"10896-9",29
"5645-7",249795
"53773-8",1585
"4576-5",436
"14084-8",916
"46743-1",111326
"3545-1",43183
"60474-4",127077
"5052-6",353
"2258-2",920
"44342-4",1757
"2020-6",36537
"17726-1",129
"2106-3",59735
"1961-2",33036
"48952-6",102
"27389-6",2550
"25514-1",3296
"16190-1",2409
"4028-7",23
"27387-0",2443
"5807-3",1399
"2232-7",1350
"4064-2",19
"30571-4",211
"6957-5",29
"20505-4",1119133
"2641-9",538
"49283-5",1956
"26465-5",20054
"2079-2",124
"20405-7",1112862
"32639-7",332
"9596-8",5263
"45313-4",309
"30234-9",109
"30312-3",110
"2518-9",723345
"30352-9",3298
"34819-3",145310
"30376-8",530
"38459-4",276
"26524-9",365
"42187-5",8
"43287-2",2
"17862-4",48
"9321-1",407
"26499-4",10345
"14822-1",365
"15663-8",135
"15569-7",24
"5232-4",221
"14278-6",110
"6165-5",180
"33949-9",40
"8138-0",6958
"16362-6",430
"6204-2",26
"8137-2",6940
"15649-7",45
"10644-3",22
"31204-1",21753
"27827-5",102
"6810-6",656
"51734-2",32
"18474-7",160
"6216-6",5481
"29374-6",35
"15691-9",54
"14277-8",15
"6203-4",10
"26019-0",1403
"30198-6",98
"30550-8",98
"49263-7",204
"26870-6",573
"21764-6",1
"48980-7",13
"46984-1",58
"51004-0",58
"63369-3",9
"38420-6",204
"62254-8",1263
"16117-4",1218
"35174-2",93
"25389-8",69
"55159-8",946
"32032-5",135
"2815-9",137
"8148-9",10
"4505-4",58
"26620-5",10
"25095-1",1
"1848-1",358
"60279-7",541
"5659-8",20
"21201-9",18
"31024-3",223
"4060-0",4
"29158-3",1371
"30235-6",107
"26956-3",1373
"5177-1",627
"13080-7",49
"34376-4",2987
"42328-5",407
"13079-9",49
"29497-5",36
"48325-5",273
"49548-1",15
"55241-4",7
"10899-3",71
"50621-2",58
"5584-8",3
"49503-6",25
"27353-2",42452
"41757-6",5
"14884-1",13
"5070-8",292
"6099-6",5624
"41756-8",5
"34517-3",4
"3934-7",27
"6121-8",5127
"6078-0",5611
"6085-5",6723
"6090-5",6012
"2709-4",20906
"2142-8",854
"2890-3",365
"3066-8",10
"14054-1",26
"17157-9",1207
"42176-8",7947
"49759-4",67
"700-5",479
"72170-4",60
"32580-3",168
"35502-4",72
"3394-4",64
"60356-3",1
"16026-7",5
"3530-3",400
"1526-3",3
"116-4",1
"5104-5",19
"40465-7",4
"10539-5",4
"23978-0",1
"5682-0",5
"428-3",5
"49702-4",4
"41650-3",865975
"71836-1",427785
"9629-7",4
"4061-8",4
"46953-6",8
"46951-0",8
"46952-8",8
"35278-1",94
"25907-7",1775
"50323-5",3
"48792-6",600
"54456-9",11
"16562-1",10
"20-8",1
"60552-7",1
"612-2",3
"10884-5",4
"408-5",1
"3543-6",2
"6228-1",2
"22566-4",1
"21565-7",5
"49451-8",2
"30047-5",37
"55928-6",133
"49035-9",35
"34970-4",36
"49088-8",33
"61100-4",19
"28605-4",35
"28602-1",33
"33917-6",298
"5746-3",2
"29505-5",1
"29515-4",1
"43290-6",3
"22708-2",1
"25113-2",1
"25118-1",1
"25108-2",1
"47696-0",1
"40990-4",5
"43302-9",1
"524-9",1
"35537-0",3
"2494-3",165
"57838-5",316
"18309-5",2349
"34477-0",221
"50234-4",109
"5299-3",222
"13655-6",2851
"5567-3",851
"2502-3",13924
"50410-0",317
"803-7",14329
"50231-0",10740
"33238-7",131
"59069-5",4458
"53318-2",61853
"71843-7",1653
"71695-1",287433
"771-6",404454
"44706-0",1103
"16131-5",5
"42329-3",19
"13344-7",19
"43881-2",180
"20992-4",181
"8480-6",15
"13333-0",25
"29883-6",1
"29625-1",1
"29872-9",1
"29866-1",1
"29630-1",1
"29868-7",1
"5594-7",1
"29867-9",1
"29627-7",1
"29870-3",1
"7287-6",1
"30474-1",1
"26682-5",1
"30477-4",1
"29873-7",1
"51761-5",2
"44833-2",4
"2882-9",1
"32495-4",1
"30481-6",1
"32765-0",5
"10701-1",4
"11555-0",8580
"13535-0",1
"47780-2",32
"6106-9",87
"6263-8",249
"716-1",5
"25997-8",3
"13066-6",21
"6276-0",103
"14313-1",105
"765-8",2
"73941-7",3
"18338-4",50
"6317-2",1
"42236-0",7
"43371-4",23
"59734-4",18
"59705-4",241
"8172-9",244
"20421-4",244
"52810-9",30
"50734-3",5
"3870-3",1
"12180-6",1
"15203-3",16
"39083-1",129
"11054-4",107
"2501-5",31
"12949-4",2
"15767-7",2
"3886-9",3
"10548-6",28
"6259-6",2
"79564-1",11288
"50497-7",1
"35461-3",1
"27815-0",14
"19161-9",7
"6237-2",19
"26924-1",7
"6034-3",3
"44384-6",3
"8265-1",2
"40557-1",3
"47405-6",24
"11075-9",11080
"58465-6",4
"53881-9",9
"62462-7",15108
"76039-7",5
"6154-9",1
"16471-5",147
"66748-5",1328
"52768-9",1325
"81-0",1
"6653-0",1
"15860-0",1
"54187-0",2
"53003-0",2
"38485-9",5
"2312-7",5
"16228-9",5154
"2350-7",2
"41401-1",2
"16233-9",5154
"49752-9",9091
"18339-2",9124
"59635-3",5154
"82196-7",41
"9393-0",4
"68546-1",8
"34487-9",6568
"50968-7",1507
"2433-1",1
"35871-3",1
"21376-9",1
"82203-1",32
"6313-1",2
"5959-2",2
"35869-7",1
"69569-2",2
"80348-6",33
"35458-9",1
"88740-6",1
"17342-7",1
"90779-0",14
"6891-6",2
"88737-2",1
"26477-0",2
"33475-5",1
"35868-9",1
"82334-4",1
"29673-1",4
"88613-5",8
"8119-0",1
"48310-7",1
"35303-7",1
"44733-4",1
"39014-6",1
"89353-7",3
"67714-6",3
"30453-5",65005
"2324-2",166269
"3094-0",12292057
"5803-2",1863500
"12203-6",11987
"12841-3",14609
"3521-2",37979
"14882-5",467
"20657-3",296
"32215-6",218200
"1989-3",409589
"2857-1",480236
"14252-1",26991
"38521-1",1870
"7795-8",12064
"1763-2",14356
"16199-2",11606
"3968-5",484962
"59466-3",61
"5819-8",3600
"15015-1",3764
"3816-6",20587
"2147-7",4848
"29998-2",180
"13954-3",5753
"10501-5",79949
"10331-7",23247
"2161-8",59236
"17861-6",11691298
"13965-9",32536
"32624-9",8721
"19764-0",186901
"22638-1",8558
"5213-4",1240
"8099-4",33351
"2498-4",346359
"1994-3",1125403
"28660-9",53
"20636-7",296
"31418-7",19974
"2915-7",12101
"16128-1",287913
"2828-2",57418
"2542-9",1211
"9830-1",281492
"4991-6",1769
"5996-4",53
"703-9",37166
"801-1",33498
"7789-1",67403
"53798-5",1529
"763-3",1365702
"19674-1",20506
"730-2",57495
"3714-3",8813
"43597-4",663
"802-9",128701
"14959-1",231114
"20075-8",58682
"15205-8",70368
"1834-1",14991
"15013-6",3762
"41398-9",271
"883-9",22987
L4985,938
"10900-9",8312
"12615-1",119
"14975-7",448
"3181-5",1918
"2692-2",47577
"49244-7",2184
"4049-3",2370
"3427-2",252125
"3377-9",211601
"20645-8",296
"1992-7",4270
"57802-1",2865
"17783-2",128
"16137-2",116801
"30166-3",5178
"4485-9",57456
"2539-5",1211
"2548-6",1211
"1765-7",223
"3122-9",725
"2880-3",34565
"3716-8",20639
"2746-6",797621
"23905-3",3869
"3539-4",20554
"15049-0",1569
"13953-5",5233
"5798-4",1131
"10524-7",185934
"19767-3",50229
"26478-8",23062
"718-8",49946
"785-7",41852
"5849-5",228
"14116-8",4987
"5334-8",20107
"25474-8",8391
"1756-6",4987
"29620-2",373
"5789-3",1219
"85991-8",407
"86064-3",400
"5335-5",732
"14060-8",20328
"28541-1",1617
"21142-5",20331
L4613,138
"27395-3",2950
"16196-8",58477
"11111-2",138
"14288-5",930
"9279-1",740
"29519-6",167
"721-1",6488
"5000-5",390
"41653-7",1900959
"5193-8",2157
"35383-9",5882
"12190-5",5052
"11108-8",7365
"9361-7",533
"26881-3",2009
"49032-6",343
"2250-9",13668
"26498-6",1486
"49061-5",89
"33295-7",615
"705-4",1280033
"29536-0",642
"20625-0",299
"15212-4",1435
"11105-4",7359
"13952-7",5266
"29595-6",42
"12362-0",9
"49053-2",626
"2087-5",395
"47213-4",398
"10362-2",129
"26010-9",2213
"29558-4",806
"32682-7",2623
"13303-3",10
"4478-4",770
"41492-0",137
"26472-1",12
"27823-4",3234
"6914-6",500
"19255-9",44469
"1926-5",36309
"33248-6",61
"15061-5",6290
"38176-4",624
"5797-6",1118114
"13594-7",9
"2864-7",189
"29967-7",1113
"9508-3",42
"5109-4",674
"2339-0",10673732
"24108-3",48778
"41489-6",137
"5105-2",674
"4547-6",430
"1805-1",62
"2876-1",189
"14251-3",1199
"9738-6",294
"38546-8",11
"33438-3",37490
"32623-1",1284
"40647-0",2
"31183-7",2443
"2217-8",1856
"14316-4",157160
"21414-8",14833
"41171-0",3605
"32998-7",1847
"9591-9",5263
"9587-7",5202
"17791-5",3632
"36913-2",613
"41107-4",1110
"3204-5",1
"56831-1",97
"30564-9",121
"30191-1",123
"30541-7",122
"2027-1",1435
"38370-3",3394
"47006-2",2
"42771-6",2717
"26444-0",9995
"5385-0",5521
"15998-8",2541
"15527-5",178
"15605-9",33
"8117-4",2081
"6125-9",41
"14241-4",9
"9812-9",29
"15957-4",34
"2171-7",673
"56634-9",143
"11242-5",4
"5285-2",662
"14199-4",76
"15151-4",657
"34275-8",637
"56126-6",64
"59297-2",2378
"50612-1",44
"6821-3",656
"16200-8",11
"21560-8",656
"34502-5",12
"47321-5",570
"12210-1",18
"1007-4",2073
"15977-2",3
"6194-5",66
"6070-7",8
"15949-1",95
"6107-7",54
"6129-1",6
"15934-3",5
"13037-7",242
"13039-3",29
"28638-5",5947
"31674-5",574
"48656-3",574
"43727-7",1971
"62253-0",1265
"13291-0",121
"43728-5",1254
"62255-5",1070
"29674-9",348
"53597-1",161
"5211-8",275
"35176-7",93
"35172-6",93
"53596-3",161
"35161-9",102
"28075-0",1
"32033-3",135
"33311-2",138
"48039-2",5
"49586-1",957
"30903-9",256
"14864-3",38957
"10882-9",26
"3749-9",5
"49289-2",34
"2697-1",91
"54905-5",143
"7889-9",51
"59063-8",420
"20590-6",5
"66502-6",193
"58483-9",14
"33863-2",561
"34319-4",1292
"21674-7",450
"32287-5",30
"5386-8",215
"6952-6",54
"41480-5",637
"29672-3",456
"41871-5",197
"29161-7",1371
"48326-3",273
"13081-5",49
"25303-9",119
"27923-2",148
"29159-1",1371
"13076-5",50
"12481-8",84
"14122-6",19
"49637-2",59
"57202-4",15
"30451-9",124
"27330-0",19
"11559-2",311
"13210-0",291
"50388-8",1
"62488-2",36
"56736-2",2
"6111-9",5808
"6212-5",6554
"6094-7",5298
"6138-2",5820
"6182-0",5191
"6278-6",6238
"20116-0",71
"6168-9",3001
"62375-1",425
"29893-5",1504
"33617-2",1201
"26759-1",1208
"50398-7",162
"3474-4",5
"9834-3",5
"27007-4",1
"3414-0",9
"49340-3",540
"60348-0",1
"17729-5",1
"22488-1",15
"34581-9",865574
"32717-1",866659
"58504-2",2
"42355-8",10
"32364-2",78
"7906-1",65
"46946-0",8
"63329-7",627
"73966-4",11
"7103-5",592
"3033-8",104
"29771-3",656
"29944-6",2218
"27415-9",862
"141-2",1
"19635-2",1
"9415-1",3
"15351-0",2
"2213-7",1
"9542-2",1
"9547-1",1
"9552-1",1
"9553-9",1
"2533-8",6
"3681-4",9093
"8262-8",4775
"79182-2",34
"25822-8",15
"30049-1",37
"2492-7",134
"30048-3",37
"10545-2",2
"49052-4",2761
"69935-5",112
"21793-5",39
"42714-6",19
"33771-7",534
"42317-8",250
"30072-3",38
"7890-7",37
"21558-2",2
"29511-3",1
"29518-8",1
"29858-8",1
"29510-5",1
"51286-3",8
"9750-1",47
"9754-3",47
"29504-8",1
"26583-5",1
"50640-2",8
"18350-9",17
"2139-4",2
"9753-5",47
"38163-2",2
"40978-9",6
"43192-4",1
"21382-7",1
"24442-6",1
"25119-9",1
"25121-5",1
"2905-8",6
"70086-4",787
"16955-7",8
"12230-9",5011
"7885-7",10
"51833-2",3
"3141-9",1964
"709-6",2089
"53115-2",287394
"2965-2",92130
"50672-5",5551
"5297-7",2404
"50221-1",61848
"50969-5",979
"32673-6",6500
"739-3",11976
"11125-2",572
"1251-8",52282
"24103-4",33
"5215-9",4021
"57734-6",92115
"57735-3",92114
"49275-1",2489
"19049-6",63
"33914-3",2846
"61373-7",1203
"14579-7",6
"31625-7",37
"893-8",1204
"29623-6",1
"17088-6",5160
"29869-5",1
"30476-6",1
"27177-5",1
"44537-9",6
"3684-8",13
"13500-4",5
"6886-6",27
"32582-9",1
"3085-8",2
"40653-8",1
"51731-8",859
"30350-3",22
"57716-3",11077
"42595-9",125
"30170-5",24
"20466-9",168
"33667-7",6
"13876-8",211
"39534-3",14
"46976-7",244
"8191-9",240
"45373-8",30
"60071-8",13
"49404-7",129
"19593-3",9094
"43247-6",1
"6277-8",1
"34716-1",17
"7558-0",16
"31150-6",1
"14029-3",1
"48719-9",121
"44385-3",3
"80824-6",46
"50496-9",1
"3413-2",9
"74420-1",8
"13715-8",136
"43638-6",15
"85-1",1
"82512-5",3
"41400-3",2
"43356-5",1
"43355-7",1
"73958-1",19
"33360-9",5
"73737-9",28
"71774-4",15948
"24051-5",14
"86009-8",6
"40974-8",6
"73977-1",1
"6180-4",1
"82201-5",33
"82205-6",36
"82208-0",38
"85622-9",2
"81304-8",33
"27416-7",1
"0051588",1
"6122-6",2
"3779-6",9
"34515-7",3
"88734-9",1
"88727-3",1
"48004-6",3
"48007-9",3
"56158-9",1
"82197-5",33
"48390-9",1
"33216-3",3
"81622-3",1
"42678-3",355
"48761-1",1
"55872-6",1
"50222-9",2
"89352-9",3
