"LOINC","RESULT_COUNT"
"785-6",11928069
"6768-6",6793570
"5799-2",1928961
"10834-0",382238
"2345-7",12010405
"3948-7",10979
"5693-7",794
"6683-7",2998
"20661-5",296
"11038-7",4377
"21476-7",3450
"10378-8",909578
"743-5",1411806
"20124-4",86707
"2141-0",16636
"33930-9",1274
"25418-5",31451
"2157-6",520877
"12598-9",3505
"13457-7",1930044
"5794-3",808480
"1920-8",6409745
"1558-6",39377
"43406-8",21
"6301-6",4646686
"21656-4",8474
"2862-1",185721
"2885-2",6052605
"26455-6",76008
"1751-7",6061223
"2112-1",23468
"4508-8",38
"16193-5",3067
"16935-9",193138
"3243-3",4362
"5308-2",707
"5671-3",9365
"2638-5",2583
"1823-4",4323
"4498-2",63131
"20482-6",143826
"5256-3",762
"35674-1",482083
"2162-6",22576
"12183-0",2417
"59384-8",20622
"44449-7",5502
"24113-3",5639
"32065-5",20656
"2089-1",86790
"69051-1",2883
"20420-6",489
"2721-9",1172
"33300-5",20597
"12187-1",1585
"5290-2",2300
"9522-4",187
"8074-7",1977
"3024-7",345643
"5802-4",1926537
"13955-0",31181
"2868-8",188061
"2075-0",12574848
"800-3",517686
"4092-3",138709
"3274-8",9851
"20643-3",296
"20671-4",570
"2132-9",319007
"3052-8",1269
"1649-3",23230
"2333-3",4546
"11565-9",4216
"5157-3",37344
"2888-6",48463
"6742-1",1737625
"7793-3",37403
"7792-5",16566
"4065-9",20658
"6694-4",84
"11282-1",645475
"783-1",45116
"44909-0",1875
"9811-1",24845
"9622-2",574
"10368-9",34
"8246-1",1712
"11575-5",61
"29860-4",61
"48642-3",5354364
"1746-7",5209
"14117-6",5029
"49293-4",4687
"6007-9",379
"61199-6",17
"21709-1",479
"30167-1",62832
"8040-8",1724
"2597-3",583
"25296-5",2980
"3142-7",1688
"1990-1",47910
"14976-5",202
"888-8",547
"53819-9",2362
"11778-8",1426
"3145-0",158637
"1832-5",362
"17863-2",911
"26508-2",2184
"11779-6",329
"2821-7",440
"60024-7",786
"20112-9",273009
"11572-5",6492
"6025-1",7028
"42936-5",178
"3074-2",858
"25085-2",167
"1795-4",12003
"55147-3",524
"48803-1",2500
"5244-9",25778
"25136-3",167
"3319-1",1861
"13534-3",13
"14282-8",937
"30934-4",37256
"19569-3",12598
"29859-6",168
"25088-6",167
"25132-2",167
"18185-9",1075
"1925-7",1877593
"34909-2",2683
"15357-7",90
"47527-7",73490
"23877-4",697
"6351-1",9
"19769-9",237374
"5014-6",3992
"8665-2",203
"6896-5",685
"2469-5",5484
"6928-6",495
"46758-9",101223
"9428-4",158373
"35410-0",6262
"3559-2",61
"9826-9",13
"32681-9",932
"49297-5",34723
"19114-8",28
"31144-9",194617
"2745-8",36812
"5683-8",199
"32769-2",5716
"5113-6",679
"35384-7",1337
"14177-0",96
"41399-7",2475
"58092-8",112351
"44288-9",1392
"50099-1",29508
"24375-8",72
"28659-1",66
"13363-7",5
"38548-4",11
"11573-3",494
"32700-7",83
"17842-6",23365
"21613-5",322019
"25116-5",172
"13636-6",402
"38175-6",326
"42663-5",10
"33287-4",101215
"2713-6",191499
"29965-1",1210
"3002-3",83
"5792-7",1121543
"13438-7",21678
"30153-1",2467
"10906-6",29
"60340-7",113760
"8014-3",322
"27096-7",2467
"13458-5",60183
"3087-4",107
"5786-9",1103
"27390-4",2579
"35676-6",4351
"30003-8",925
"13717-4",1010
"1984-4",13
"2668-2",318
"15016-9",348
"9594-3",5287
"10634-4",1257
"7902-0",258
"30567-2",749
"27826-7",65
"12480-0",136
"30331-3",127
"30540-9",125
"3300-1",8
"5622-6",991
"15066-4",71
"717-9",22281
"9757-6",136
"27182-5",22281
"10157-6",99
"25757-6",571
"14267-9",93993
"26523-1",436
"21809-9",21
"43284-9",2
"14869-2",6119
"26474-7",10567
"34265-9",17
"2078-4",2882
"15994-7",25
"21060-9",252
"15743-8",1
"6019-4",255
"6009-5",55
"11090-8",865
"57378-2",38
"15774-3",245
"17819-4",1214
"58452-4",20136
"44005-7",43
"5281-1",670
"31161-3",532
"22319-8",5582
"19080-1",7254
"69969-4",101473
"6219-0",662
"22572-2",661
"15894-9",39
"15633-1",8
"6161-4",21
"6065-7",25
"6136-6",202
"30195-2",99
"28644-3",5975
"55180-4",116
"49026-8",58
"51002-4",58
"44705-2",2
"49027-6",58
"51003-2",58
"13203-5",249
"63459-2",11580
"17782-4",2002
"35165-0",94
"35175-9",94
"35163-5",94
"30518-5",960
"35160-1",93
"35411-8",94
"35168-4",94
"35180-9",94
"32031-7",139
"29463-7",1309
"1836-6",25
"14314-9",10213
"3617-8",10
"32649-6",10
"2660-9",10
"22712-4",10
"6367-7",1516
"51716-9",813
"29498-3",30
"6944-3",56
"26895-3",1413
"39001-3",123
"49487-2",276
"12396-8",57
"29160-9",1413
"32435-0",951
"13083-1",49
"9316-1",73
"13760-4",26
"7172-0",157
"19146-0",120
"49638-0",58
"10897-7",73
"35457-1",29
"53922-1",9
"9539-8",73
"39573-1",21
"21689-5",9
"18337-6",147
"10989-2",174
"41762-6",5
"22641-5",4
"16141-4",3
"41766-7",5
"49254-6",22
"29537-8",111
"14247-1",2
"6229-9",4881
"42757-5",115220
"6195-2",6072
"15285-0",4972
"6077-2",4835
"6124-2",6194
"15283-5",6669
"6095-4",6793
"6274-5",5541
"20078-2",814
"20061-8",412
"2999-1",526
"21822-2",196
"2971-0",12
"41090-2",8
"29911-5",28
"63929-4",7
"13307-4",286
"26570-2",1226
"56669-5",12
"38387-7",211
"20599-7",1309
"32518-3",1310
"20594-8",1203
"50542-0",338
"60363-9",1
"41613",5
"185-9",7
"13606-9",3
"1006-6",5
"2348-1",12
"16099-4",5
"279-0",2
"21785-1",28
"19648-5",23
"3831-5",9543
"32354-3",876262
"32713-0",866735
"2032-1",434230
"5738-0",1
"516-5",1
"47414-8",78
"20568-2",327
"52984-2",135
"73825-2",31
"46958-5",7
"57317-0",123
"45190-6",43
"59263-4",301
"55135-8",637
"35300-3",1
"21727-3",4
"15612-5",1
"15641-4",3
"56131-6",5
"15537-4",1
"9551-3",1
"11097-3",1
"9544-8",1
"3821-6",56
"10341-6",1
"3887-7",4
"21579-8",3
"30055-8",38
"30068-1",38
"30066-5",38
"30056-6",38
"30063-2",38
"28603-9",38
"30051-7",5
"73689-2",33
"26609-8",162
"8338-6",3
"21194-6",47
"2829-0",59
"69361-4",347
"18484-6",545
"45152-6",552
"72856-8",251
"49029-2",40
"4021-2",48
"50641-0",8
"6688-6",48
"29500-6",1
"5619-2",9
"25087-8",1
"29527-9",1
"12208-5",2
"3675-6",1
"7948-3",1
"25111-6",1
"25125-6",1
"24443-4",1
"43237-7",13
"38160-8",4
"49448-4",1
"34720-3",2594
"11579-0",102686
"61151-7",148078
"18311-1",371
"57751-0",93651
"71853-6",1116
"12189-7",6485
"708-8",1589
"24472-3",28
"23860-0",3795
"19996-8",13578
"3520-4",212
"69047-9",157
"24471-5",28
"32146-3",20681
"22450-1",1
"40704-9",15
"22446-9",1
"11183-1",2
"11235-9",8999
"48683-7",2242
"70204-3",2
"72486-4",4771
"55349-5",20
"9844-2",15
"29300-1",234
"8462-4",15
"16107-5",17
"3827-3",80
"26797-1",1
"30473-3",1
"26972-0",1
"29875-2",3
"30478-2",1
"43171-8",2
"47418-9",1
"65808-8",6
"40620-7",237
"50896-0",581
"7604-2",229
"29903-2",7
"1779-8",118
"54079-9",22258
"6183-8",247
"1777-2",116
"13048-4",2
"6242-2",32
"54078-1",11129
"7691-9",67
"10702-9",214
"70061-7",2
"36922-3",127
"28059-4",52
"10343-2",55
"33016-7",15
"66131-4",1193
"45324-1",5
"48495-6",20
"43273-2",87
"45284-7",2
"9652-9",3
"14027-7",1
"5876-7",9000
"19000-9",1
"14689-4",5
"29647-5",8
"85269-9",9319
"36908-2",512
"40879-9",2
"75325-1",29
"48018-6",4
"79190-5",37
"48850-2",26
"51760-7",37
"36925-6",8
"88517-8",3094
"32577-9",5
"53278-8",9
"48410-5",2
"50551-1",4
"53831-4",15
"27161-9",14
"43357-3",1
"43225-2",54
"20522-9",10656
"16227-1",5328
"49760-2",11
"49751-1",9534
"82207-2",40
"82213-0",40
"8691-8",3
"77207-9",1057
"46082-4",2
"60676-4",1
"82198-3",40
"80351-0",40
"35870-5",1
"72524-2",1
"88743-0",1
"82390-6",1
"59026-5",1
"88736-4",1
"103331-7",5
"2524-7",1
"73748-6",1
"35802-8",1
"82204-9",36
"6527-6",28
"53312-5",1
"5946-9",2
"77023-0",9
"77732-6",5
"55940-1",1
"39000-5",1
"53471-9",1
"35154-4",1
"94564-2",7
"89350-3",6
"48033-5",3
"1968-7",2054558
"9317-9",1611448
"1825-9",10352
"3531-1",211
"3393-6",201056
"16192-7",3057
"3255-7",287593
"20656-5",296
"20648-2",296
"2986-8",101741
"5631-7",8002
"2338-2",287
"13967-5",6245
"3125-2",461
"2216-0",3121
"770-8",6840684
"21198-7",294181
"31208-2",673909
"2545-2",1215
"2091-7",22318
"3128-6",5472
"31147-2",13098
"774-0",1068622
"707-0",1324749
"10998-3",192158
"66746-9",1336704
"8041-6",17009
"768-2",1392580
"11277-1",909424
"2614-6",969135
"22672-0",324
"49896-4",3434
"35741-8",10088
"3040-3",499814
"3051-0",60141
"10886-0",16061
"16223-0",2860
"3053-6",90847
"3853-9",2055
"3050-2",203041
"5669-7",257
"3819-0",131
"5273-8",5321
"25419-3",774
"2164-2",2505
"3232-6",272
"35668-3",5350
"2344-0",18053
"4544-3",12987326
"741-9",1203662
"4025-3",20375
"706-2",6840736
"2890-2",157606
"6969-0",25516
"3571-7",20577
"5778-7",1922
"5292-8",26690
"13969-1",215590
"1869-7",7762
"14338-8",224989
"14725-6",217821
"19555-2",6862
"30226-5",33
"20655-7",296
"2251-7",126
"2963-7",2610
"22314-9",27578
"7790-9",163890
"41219-7",30
"21203-5",500
"751-8",6881575
"15432-8",1219
"23883-2",14601
"17016-7",169
"19145-2",91
"2470-3",5019
"28060-2",446
"3281-3",1078
"15343-7",519
"27118-9",2868
"50377-1",18
"43304-5",2028
"30106-9",258
"3174-0",331
"85954-6",401
"776-5",160718
"12646-6",2788
"86107-0",408
"36916-5",85722
"13951-9",3676
"61048-5",4613
"1754-1",36048
"14286-9",936
"3660-8",52
"25137-1",167
"15207-4",959
"11114-6",135
"3498-3",59
"2714-4",944185
"35140-3",2040
"14627-4",805229
"41394-8",223
"25421-9",200
"16136-4",18107
"18385-5",2409
"11120-3",7542
"2744-1",2752201
"2705-2",811485
"50715-2",626
"9833-5",392
"29495-9",2525
"16135-6",18121
"48818-9",1
"9572-9",821
"10333-3",35879
"3455-3",25
"6919-5",559
"41491-2",140
"15363-5",2996
"29572-5",101222
"21415-5",4521
"29541-0",3389
"45025-4",1266
"10992-6",444
"35703-8",137
"4625-0",423
"51730-0",1256
"14618-3",7946
"21191-2",4517
"4552-6",38724
"13305-8",3125
"6318-0",98
"26493-7",6035
"19752-5",1966
"29507-1",162
"11256-5",661
"14958-3",925
"2870-4",189
"33935-8",1360
"15359-3",2422
"24111-7",322166
"48767-8",14760
"14121-8",264
"53563-3",67
"12310-9",11766
"15362-7",791
"3418-1",22
"18310-3",434
"65633-0",3133
"27819-2",2664
"27392-0",2467
"8039-0",242
"5821-4",810751
"5393-4",258
"5804-0",1121664
"33550-5",67
"27057-9",1909
"1903-4",2233
"24447-5",695
"12227-5",764636
"2923-1",4655
"47322-3",74
"9813-7",2305
"8218-0",83
"9597-6",5287
"27379-7",44
"59464-8",1854
"30328-9",109
"4484-2",468
"33472-2",228
"11064-3",12
"27821-8",343
"30534-2",127
"6014-5",118
"1953-9",95
"57911-0",271
"33951-5",119
"6158-0",645
"8127-3",11755
"29990-9",65
"6092-1",183
"15284-3",5209
"6279-4",24
"6152-3",5791
"8129-9",6999
"29605-3",370
"4087-3",878
"20575-7",20927
"34645-2",20
"9765-9",39
"56537-4",3424
"21665-5",130
"15981-4",1
"7613-3",117
"16057-2",74
"7291-8",53
"6153-1",87
"15690-1",23
"6266-1",73
"6217-4",5
"3089-0",2
"15607-5",173
"14151-5",37544
"21765-3",1
"13202-7",247
"32853-4",3
"12443-8",2
"35162-7",85
"30520-1",960
"35170-0",94
"35178-3",94
"35167-6",94
"35173-4",94
"42330-1",759
"35150-2",100
"35177-5",85
"49748-7",1265
"38476-8",12805
"3494-2",113
"3801-8",6
"57069-7",12
"9740-2",6
"6306-5",23
"21112-8",180
"14873-4",39168
"9736-0",8
"35135-3",74
"4507-0",26
"35738-4",188
"6906-2",14
"50763-2",28
"48329-7",276
"50761-6",28
"13078-1",49
"27067-8",18
"21566-5",276
"9540-6",73
"18387-1",22
"27417-5",156
"21510-3",73
"26505-8",1343
"43393-8",50
"51968-6",307
"41745-1",45
"16746-0",1
"42202-2",7
"12782-9",3541
"59264-2",311
"6189-5",6751
"6261-2",5990
"20076-6",669
"19254-2",208552
"48601-9",17
"11046-0",838
"58383-1",58
"62343-9",23
"30911-2",4
"41294-0",4
"32751-0",1203
"46699-5",30
"53767-0",54
"11071-8",42
"60406-6",1
"23658-8",9
"189-1",6
"61049-3",3
"60360-5",1
"225-3",10
"31037-5",6
"60467-8",81
"30313-1",876332
"40973-0",31
"26889-6",66
"6929-4",6
"40834-4",3
"12401-6",1
"3725-9",4
"9835-0",9540
"32703-1",2
"9541-4",1
"3860-4",1
"12552-6",1
"4078-2",1
"56850-1",1783
"28595-7",38
"30059-0",38
"30067-3",36
"73691-8",39
"26599-1",162
"26607-2",163
"64038-3",546
"19642-8",41909
"73971-4",13694
"3697-0",25
"21823-0",556
"33772-5",552
"51586-6",723
"59377-2",1
"29506-3",1
"29508-9",1
"24436-8",1
"47542-6",1
"63091-3",7
"45062-7",4
"57768-4",2
"9425-0",1
"25093-6",1
"25114-0",1
"2550-2",5
"44014-9",2
"2499-2",5
"52757-2",2
"25126-4",1
"24444-2",1
"25684-2",12
"7886-5",6
"30239-8",373
"53019-6",464
"54410-6",456
"5908-9",836
"748-4",10407
"33233-8",182
"46989-0",66
"60026-2",93642
"30083-0",994
"3251-6",474
"30318-0",9668
"71694-4",3479
"42338-4",265
"13047-6",593
"33221-3",170
"664-3",76065
"4633-4",195
"55776-9",3875
"30230-7",3655
"20570-8",18430
"17784-0",707
"21518-6",277
"3435-5",51
"41858-2",52
"10851-4",6
"13068-2",57
"77174-1",19
"22322-2",6856
"42784-9",4488
"61372-9",1214
"280602-2",17
"12788-6",10
"3506-3",80
"47215-9",357
"50239-3",4229
"30576-3",1
"26685-8",1
"35554-5",1
"16277-6",2
"29864-6",1
"29865-3",1
"27272-4",1
"29629-3",1
"20559-1",5334
"29880-2",1
"30577-1",1
"2432-3",1
"26799-7",1
"2346-5",1
"30475-8",1
"6927-8",1
"2530-4",1
"29874-5",1
"42921-7",9
"34621-3",2
"21394-2",10
"32583-7",1
"2824-1",1
"32584-5",1
"52132-8",158
"28640-1",386
"58091-0",11129
"6087-1",86
"6178-8",229
"1755-8",15
"20465-1",172
"68376-3",6
"33263-5",5
"57086-1",11129
"46746-4",11129
"6257-0",6
"6206-7",143
"49309-8",6
"11244-1",3
"6412-1",16
"59730-2",52
"3392-8",73
"77202-0",251
"51435-6",13
"53039-4",227
"49857-6",6333
"44079-2",2
"26776-5",1
"82155-3",19
"35462-1",11052
"53313-3",1
"32361-8",4
"806-0",3
"6965-8",4
"40987-0",7554
"16222-2",5928
"60554-3",15
"66745-1",1419
"66751-9",3116
"6873-4",750
"142-0",2
"82380-7",3
"81285-9",8
"46455-2",20
"5585-5",1
"21130-0",2
"51386-1",7
"49853-5",14
"29891-9",111
"51776-3",5327
"74217-8",3
"19619-6",5328
"17395-5",9536
"9394-8",4
"86045-2",6
"86098-1",6
"19344-1",5929
"9633-9",2
"82210-6",40
"82202-3",51
"11449-6",4
"76425-8",3
"42634-6",27
"78236-7",35
"56718-0",47
"46724-1",1
"5640-8",10
"6172-1",1
"3636-8",1
"80349-4",40
"32338-6",1
"6837-9",1
"54918-8",1
"48005-3",3
"88738-0",1
"81742-9",1
"88742-2",1
"88741-4",1
"31369-2",3
"56144-9",2
"80426-0",1
"48726-4",5
"58381-5",1
"82939-0",1
"33980-4",17
"57320-4",6
"20629-2",1
"82440-9",36
"77022-2",9
"34177-6",1
"30247-1",5
"63177-0",2
"42939-1",26
"42804-5",1
"15085-4",1
"21556-6",1
"89351-1",6
"89341-2",6
"48003-8",2
"26452-3",59053
"6690-2",18394252
"718-7",13200698
"5811-5",1822154
"5902-2",4483641
"3432-2",11095
"10535-3",42847
"4086-5",33437
"3862-0",60
"3016-3",1943418
"19141-1",52147
"4477-6",1275
"3616-0",52
"19670-9",20630
"6733-0",1199
"58023-3",847
"21458-5",619
"31372-6",21245
"28601-3",40
"2748-2",8255
"1747-5",14371
"14334-7",13944
"744-3",1360239
"738-5",1191537
"764-1",1429422
"19389-6",20653
"3754-9",20659
"14957-5",211894
"5796-8",372679
"5793-5",54449
"27222-9",1216
"4095-6",20607
"51703-7",287
"777-3",11946918
"2160-0",12649426
"5767-9",1810793
"18262-6",7370
"5196-1",42808
"3872-9",720
"5775-2",1431
"1798-8",262870
"14979-9",3899305
"25542-2",326
"6824-7",75915
"3333-2",260
"3936-2",214832
"20658-1",295
"20652-4",297
"19725-1",2528
"5685-3",3621
"2283-0",3702
"33569-5",39516
"5905-5",6884766
"5159-9",22377
"3198-9",1239
"737-7",1406985
"12294-5",20631
"20563-3",975237
"2742-5",15670
"6687-8",495
"51729-2",289
"30471-7",19310
"704-7",6768458
"30089-7",89531
"14115-0",186
"19762-4",18314
"28543-7",59067
"33256-9",224614
"786-4",11916448
"19048-8",1010113
"5325-6",133
"20651-6",296
"5583-0",3370
"16823-7",21262
"21525-1",3756
"3226-8",1609
"7797-4",45444
"32112-5",20660
"734-4",897411
"69050-3",5665
"740-1",231057
"19834-1",269
"12173-1",40
"6874-2",1629
"33050-6",23
"2874-6",188025
"26485-3",23511
"30180-4",22832
"69405-9",855836
"4510-4",42
"29770-5",139
"21347-0",6461
"1530-5",2752
"42315-2",23
"49051-6",354
"9795-6",9118
"34519-9",2408
"13950-1",2899
"3138-5",3438
"32217-2",175
"48643-1",4922857
"19359-9",129073
"26507-4",3692
"14196-0",2438
"14308-1",1082
"14902-1",20328
"4667-2",21
"53814-0",14
"52123-7",1247
"19994-3",532579
"17781-6",393
"49090-4",2500
"40583-7",2494
"31017-7",34840
"43227-8",1548
"9709-7",209
"25084-5",167
"25135-5",179
"44871-2",278
"14170-5",1277
"30525-0",626
"33290-8",238
"62365-2",3840
"3422-3",5422
"3093-2",205
"11107-0",114
"1974-5",1058
"51581-7",7490
"2336-6",466012
"53027-9",23488
"59697-3",58
"1927-3",692995
"3724-2",85
"40673-6",839
"7918-6",15162
"3184-9",163886
"33037-3",9821965
"12288-7",40
"27873-9",3713
"32771-8",45255
"48807-2",16070
"20510-4",75
"51196-4",38699
"38169-9",621
"11158-3",22
"27831-7",419
"9800-4",7954
"2467-9",4558
"3774-7",158749
"13782-8",960
"29945-3",1585
"4503-9",5
"69965-2",267
"13927-9",1023
"34959-7",190
"6913-8",504
"5146-6",140
"13348-8",248
"46718-3",640
"26454-9",20292
"3398-5",159024
"6917-9",530
"38478-4",101222
"29947-9",1589
"48398-2",214
"6954-2",650
"53336-4",101220
"8220-6",158104
"33477-1",338
"5820-6",2946
"2667-4",1875
"13945-1",790639
"19343-3",131896
"4621-9",30
"2504-9",13
"11253-2",399025
"35677-4",5253
"27094-2",2467
"27113-0",2467
"22496-4",66725
"29964-4",1459
"2218-6",318
"40839-3",3897
"17838-4",915
"15014-4",348
"30894-0",1855
"32641-3",124
"21702-6",126
"6598-7",631071
"30358-6",126
"42938-1",713
"43399-5",46
"35656-8",107
"30332-1",127
"30542-5",109
"2460-4",262
"13485-8",91
"30551-6",125
"14207-5",253
"43397-9",74
"3389-4",28
"8235-4",39
"14213-3",107
"42914-2",24
"3471-0",3
"26484-6",10450
"5781-0",240
"49493-0",14
"15773-5",183
"15913-7",26
"13820-6",26
"5247-2",601
"8128-1",11796
"8124-0",3364
"17834-3",365
"6270-3",177
"13926-1",241
"38260-6",368
"6110-1",5300
"27424-1",4
"81732-0",31
"9767-5",39
"5609-3",34
"2150-1",751
"30568-0",40
"44081-8",44
"22316-4",7388
"6915-3",43
"14201-8",34
"33210-6",133
"906-8",10
"47320-7",736
"15910-3",10
"15661-2",6
"15784-2",6
"15586-1",95
"6091-3",6
"6275-2",1
"15805-5",234
"50544-6",1306
"16207-3",7
"22671-2",99
"62292-8",418575
"28646-8",5970
"48979-9",12
"57938-3",58
"49054-0",279972
"41119-9",2
"33981-2",2
"63453-5",11563
"6428-7",2816
"53835-5",620
"35155-1",95
"35179-1",93
"35171-8",85
"16118-2",1243
"14883-3",225
"53765-4",580
"9451-6",26
"12736-5",6
"48311-5",7
"3312-6",73
"38170-7",5
"15378-3",2
"32131-5",4
"21612-7",783
"3457-9",2
"12914-8",59
"3341-5",8
"70291-0",6
"8670-2",1130
"54906-3",142
"4069-1",10
"6563-1",128
"12416-4",9
"56164-7",12
"35472-0",276
"26859-9",1414
"21567-3",276
"53761-3",124
"50764-0",28
"6899-9",52
"6420-4",322
"2148-5",375
"42349-1",534
"53595-5",13
"49839-4",2486
"18481-2",25763
"5702-6",10
"35505-7",50
"2895-1",56
"19550-3",48274
"26845-8",6
"20659-9",176
"29538-6",107
"35354-0",2
"14212-5",1336
"36924-9",68
"10335-8",35834
"14248-9",4
"6260-4",4819
"34705-4",955243
"20564-1",220165
"46092-3",15637
"21422-1",1333
"2099-0",42
"25390-6",5
"14135-8",1312
"15195-1",1291
"933-2",31
"13450-2",15
"46217-6",33491
"45030-4",4241
"9557-0",1205
"26573-6",1224
"40999-5",60
"38251-5",47
"11230-0",42
"60402-5",1
"3780-4",117
"10975-1",3
"57980-5",4
"30427-9",35789
"2589-0",13
"7974-9",8
"10510-6",32
"6905-4",8
"2617-9",430961
"13032-8",2
"46950-2",8
"54143-3",3
"2736-7",7
"54144-1",3
"50956-2",992
"1743-4",592
"1680-8",2
"10358-0",1
"26707-0",2
"35358-1",1
"33947-3",2
"56129-0",5
"16080-4",1
"6093-9",1
"267-5",1
"9545-5",1
"15372-6",4
"32552-2",77
"30053-3",38
"30052-5",35
"49089-6",33
"26600-7",162
"26613-0",162
"32229-7",27
"32248-7",27
"31695-0",535
"71773-6",2395
"69380-4",10
"48670-4",486
"45149-2",552
"68549-5",251
"72854-3",251
"29600-5",1
"3785-3",2
"29503-0",1
"2063-6",1
"29525-3",1
"5625-9",3
"29523-8",1
"8159-6",1
"62455-1",3
"24438-4",1
"3201-1",1
"38164-0",2
"24440-0",1
"25120-7",1
"5700-0",1
"5401-5",1
"14866-8",4730
"55141-6",73
"3926-3",33
"3137-7",757
"40619-9",8076
"39478-6",8104
"22763-7",3211
"57845-0",3795
"2615-3",62
"50233-6",4980
"50563-6",93643
"34187-5",880
"31203-3",80
"72223-1",1634
"11475-1",218863
"49024-3",368495
"8302-2",113
"58413-6",411539
"13532-7",718
"58466-4",11
"33900-2",1747
"13941-0",3661
"24476-4",229
"44728-4",140
"32731-2",3164
"3680-6",80
"32153-9",6
"3683-0",80
"50759-0",32
"74117-3",71
"48865-0",85
"29871-1",1
"1748-3",2
"43226-0",1
"68123-9",1
"14662-1",4
"1796-2",1
"20618-5",2
"29877-8",1
"6169-7",1
"28639-3",446
"19256-7",237
"50008-2",744
"12179-8",89
"54081-5",11129
"2240-0",5
"29610-3",87
"55782-7",5
"20404-0",1196
"7120-9",18
"30088-9",20
"6179-6",229
SOLOINC,63
"27921-6",55
"56633-1",7
"13576-4",244
"21599-6",2
"6918-7",2
"25896-2",5
"64234-8",2048
"14028-5",1
"52121-1",2
"42772-4",1
"24082-0",1
"5587-1",18
"41406-0",10
"5679-6",1
"9359-1",2
"41163-7",1
"335-0",9
"14020-2",2
"44794-6",1029
"20565-8",140
"33662-8",15
"54006-2",8
"33938-2",14
"33822-8",14
"41760-0",16
"33-1",1
"3415-7",2
"13175-5",9
"82991-1",30
"18185-8",156
"59615-5",5328
"19448-0",9539
"34695-0",29
"86052-8",6
"69933-0",8
"6964-1",3
"19753-3",1
"363-2",1
"8266-9",21
"533-0",3
"57930-0",24
"15159-7",2
"75880-5",41
"47251-4",7
"82976-2",1
"81258-6",3
"61122-8",1
"45194-8",5
"11478-5",1
"43882-0",4
"18878-9",1
"9558-8",7
"49687-7",1
"49747-9",5
"44754-0",1
"94309-2",2
"54206-8",5
"25835-0",2
"49693-5",4
"18438-2",1
"74130-6",1
"63475-8",688
"72493-0",5
"94563-4",802
"9728-7",1
"89358-6",6
"1874-7",6595
"2458-8",218651
"10334-1",67095
"5324-9",133
"20448-7",11167
"5403-1",83517
"5370-2",2628
"8091-1",15682
"731-0",823943
"35678-2",84677
"27301-1",2
"20624-3",13279
"2881-1",24306
"1868-9",19
"5992-3",53
"3592-3",20656
"10381-2",334384
"3013-0",68607
"21582-2",7024
"27038-9",4052
"31146-4",386
"56540-8",2693
"713-8",6864421
"5206-8",2602
"26487-9",58307
"28544-5",58915
"5763-8",10228
"2514-8",769459
"30341-2",395374
"20574-0",851
"3690-5",117
"3579-0",61
"8067-1",22945
"2243-4",76903
"3021-3",765
"19053-8",178
"2889-4",6417
"2093-3",2214206
"13590-5",2315
"728-6",1170776
"714-6",1339936
"59169-3",20652
"3483-5",20656
"46963-5",7076
"49740-4",30
"3126-0",319
"21033-6",39603
"44737-5",687
"19113-0",15919
"5815-6",1128
"4537-7",46439
"1988-5",157197
"3879-4",207545
"3390-2",212719
"53961-9",76387
"5307-4",701
"20642-5",296
"4073-3",13
"34410-1",2545
"33572-9",2487
"2230-1",3121
"34695-7",16131
"3737-4",20663
"58428-4",11621
"26543-9",48
"3576-6",21
"26052-1",51435
"34163-6",913358
"41865-7",10719
"23992-1",360
"1800-2",25
"2701-1",569
"6968-2",24725
"33421-9",1318
"14273-7",651
"5859-4",1614
"5209-2",3126
"12616-9",119
"6690-3",49916
"786-5",42478
"777-4",49765
"26450-7",23196
"22635-7",2018
"21081-5",404
"31437-7",184
"2990-0",14320
"40844-3",6162
"30433-7",1683
"12610-2",2785
"85977-7",408
"33944-0",85704
"3209-4",9038
"5076-5",1846
"58417-7",20339
"32120-8",20341
"4090-7",782
"29524-6",167
"2950-4",428
"45155-9",4072
"11128-6",152
"42248-5",178
"5005-4",1024
"12347-1",52
"61177-2",522
"5245-6",16
"4532-8",3158
"43201-3",4891
"3924-8",151
"8061-4",10588
"1960-4",1871231
"11153-4",504
"8049-9",369
"25925-9",1384
"53962-7",2223
"27812-7",43
"25083-7",162
"5107-8",679
"2357-2",126
"48633-2",101221
"2693-0",1267
"10864-7",33
"30896-5",846
"54105-2",101220
"53772-0",1584
"6955-9",650
"6916-1",528
"32683-5",7137
"49228-0",66
"3399-3",42
"29966-9",225
"2947-0",172802
"43215-3",835
"44525-4",60
"3256-5",74
"15112-6",3
"33288-2",101222
"11016-3",190
"9426-8",158526
"13722-4",135
"5117-7",15
"5144-1",140
"13734-9",960
"21668-9",398
"2898-5",49
"2639-3",294
"6774-4",230
"4998-1",3667
"25112-4",176
"2520-5",266
"29904-0",913
"20507-0",434796
"27374-8",2467
"14956-7",1811
"2900-9",7115
"26506-6",12
"49256-1",1099
"35707-9",348
"13046-8",125
"20447-9",3098
"2110-5",1011
X29142-7,1387
"2532-0",143883
"9589-3",5287
"45322-5",590
"2956-1",221
"3537-8",62
"2756-5",91
"48309-9",996
"39528-5",57
"2030-5",334
"47982-4",1564
"30560-7",107
"19171-8",193
"5646-5",2
"8190-1",91
"66127-2",38
"27816-8",93
"20468-5",29
"35642-8",1573
"26449-9",10303
"11141-9",436
"8122-4",4664
"14108-5",291
"14664-7",377
"33194-2",175
"7674-5",50
"35651-9",366
"29141-9",1435
"3271-4",8
"33640-4",42437
"61430-5",425
"32283-4",878
"6809-8",706
"6912-0",43
"34468-9",358
"22312-3",1661
"6818-9",620
"6808-0",706
"3240-9",1
"32366-7",260
"21561-6",489
"30392-5",599
"3086-6",4
"15815-4",21
"33007-6",13
"9828-5",5
"6143-2",6
"6115-0",3
"6156-4",5212
"15618-2",25
"16065-5",154
"6718-1",213
"30197-8",99
"22761-1",99
"13041-9",24
"28648-4",5968
"2606-2",5
"49631-5",39
"38895-9",17
"63244-8",575
"53726-6",2
"43392-0",58
"29938-8",70
"54434-6",1720
"43239-3",1
"35166-8",94
"24461-6",95
"6765-2",86
"35157-7",94
"21036-9",9
"35149-4",95
"31019-3",2264
"2471-1",32
"10451-3",928
"32300-6",39307
"5681-2",477
"11878-6",784
"17110-8",5
"18244-4",381
"25638-8",14
"3653-3",6
"44877-9",931
"12389-3",25
"62333-0",98541
"49038-3",366
"5880-0",60
"53575-7",644
"46725-8",41
"33282-5",1413
"13077-3",49
"41617-2",129
"50762-4",28
"53779-5",84
"48327-1",276
"1813-5",40
"11060-1",21
"39804-0",288
"21509-5",73
"57132-3",76
"27391-2",156
"35698-0",38
"41747-7",5
"29267-2",14
"1951-3",19
"6098-8",7005
"32997-9",13
"17547-1",5
"13290-2",79
"50387-0",1
"2145-1",2281
"6020-2",6775
"7415-3",6170
"6096-2",6882
"19941-4",71
"49701-6",209008
"46090-7",15636
"49049-0",366
"70173-0",251
"7912-9",12223
"7909-5",14298
"21801-6",2
"6970-8",12
"3669-9",28
"48674-6",2
"25375-7",17
"54218-3",1310
"13302-5",46
"51952-0",154
"35456-3",750
"5825-5",7
"15693-5",2
"1517-2",3
"54067-4",267
"12191-3",2
"43291-4",141
"10540-3",4
"5689-5",4
"11246-6",9540
"33001-9",15
"38542-7",4
"14191-1",1
"40969-8",31
"1954-7",32
"54142-5",3
"33959-8",37190
"73824-5",11
"58755-0",619
"46947-8",8
"46957-7",7
"6706-6",25
"41283-3",997
"15398-1",10
"47255-5",52
"1970-3",2
"16276-8",38
"35801-0",1
"18370-7",3
"58009-2",690
"25821-0",22
"30062-4",38
"30161-4",34
"5624-2",12
"73690-0",39
"9410-2",89
"12146-7",35
"26608-0",168
"26605-6",162
"20634-2",162
"55876-7",162
"28599-9",32
"28598-1",27
"28596-5",29
"28590-8",37
"30511-0",40
"3610-3",2
"3464-5",1
"9755-0",48
"24435-0",1
"25082-9",1
"60456-1",16
"47537-6",1
"29522-0",1
"62457-7",8
"39002-1",3
"13338-9",16
"29514-7",1
"29516-2",1
"25104-1",1
"7919-4",1
"21007-0",1
"30241-4",5
"15187-8",12
"17869-9",2
"49432-8",12
"14948-4",1
"25682-6",12
"33511-7",3
"25140-5",1
"8244-6",3
"56130-8",140
"53292-9",62845
"10330-9",3133
"779-9",9333
"50558-6",93642
"41759-2",466
"47596-2",18570
"1922-4",2799
"1963-8",423317
"17856-6",43241
"50225-2",6584
"49311-4",836
"45265-6",36
"44722-7",779
"50560-2",93643
"32585-2",113
"2056-0\",7
"71772-8",4769
"71776-9",22194
"23830-3",327
"14646-4",2
"43180-9",34
"23825-3",34
"21365-2",110
"3807-5",6
"30039-2",107
"34481-2",4835
"15152-2",6
"27270-8",1
"26751-8",1
"29621-0",1
"29626-9",1
"27132-0",1
"29882-8",1
"29884-4",1
"6411-3",2
"4983-3",1
"31186-0",1
"20474-3",4
"54090-6",44516
"7090-4",37
"6097-0",13
"7258-7",137
"6082-2",78
"59154-5",281
"7720-6",3
"6273-7",91
"57090-3",111
"68994-3",118
"75608-0",4542
"3456-1",52
"21328-0",28
"3778-8",15
"30112-7",15
"18356-6",15
UPE18,2
"3148-9",7635
"7759-4",2
"9619-8",1
"6167-1",2
"48720-7",123
"16162-0",66
"82520-8",24
"5686-1",1
"634-6",10
"48049-1",5
"6460-0",6
"6299-2",140
"64084-7",3094
"3854-7",14
"49612-5",9
"52789-5",1428
"52778-8",5651
"174-3",1
"146-1",2
"15898-0",1
"3687-1",4
"39010-4",2
"16201-6",5328
"16348-5",5328
"86122-9",6
"86039-5",6
"51988-4",8
"59668-4",5328
"21742-2",1
"44524-7",67
"7557-2",1
"18865-6",1
"82199-1",53
"82211-4",51
"82979-6",11
"46252-3",5
"44828-2",5
"9571-1",3
"600-7",1
"81754-4",1057
"82209-8",40
"82978-8",2
"33423-5",1
"12854-6",1
"88735-6",1
"6068-1",1
"18996-9",1
"6045-9",1
"50232-8",1
"18932-4",1
"56159-7",1
"68467-0",1
"80350-2",41
"32328-7",1
"23832-9",2
"82424-3",36
"82426-8",36
"6457-6",1
"74419-3",5
"86465-2",3
"43241-9",1
"79387-7",11
"72494-8",5
"69573-4",1
"59207-1",1
"1845-5",1
"26957-1",1
"67102-4",3
"79714-2",3
"40425-1",1
"93339-0",1
"89349-5",6
"89357-8",6
"94562-6",4
"42893-8",1
"26473-9",61155
"2823-3",13313146
"2839-9",39722
"25428-4",812071
"6948-4",9286
"5218-3",121
"20639-1",306
"2053-7",272
"14236-4",20076
"45142-7",39594
"2536-1",1215
"3218-5",1154
"26688-2",342
"3638-4",335
"27820-0",902
"12781-1",23100
"7791-7",585654
"11281-3",621
"3729-1",20663
"26541-3",39
"749-2",316552
"53525-2",9
"2708-6",1867339
"12195-4",13328
"13227-4",698
"742-7",6961066
"25148-8",4110
"12617-7",109
"21587-1",1407
"2871-2",188265
"8098-6",87309
"2951-2",13419850
"2028-9",12103271
"32693-4",1317225
"6825-4",11071
"55781-9",417
"20637-5",296
"2666-6",3119
"33599-2",357
"50948-9",493
"3187-2",1914
"6693-6",339
"10380-4",207561
"19532-1",20662
"3289-6",1129
"2505-6",265638
"29247-4",19343
"29744-0",258
"17522-4",643
"33380-7",928
"31153-0",900
"2351-5",3110
"1518-0",1181
"12851-2",225105
"4551-8",4643
"5126-8",4789
"20454-5",814803
"1759-0",862345
"60344-9",15090
"2039-6",164477
"2842-3",60554
"2484-4",9801
"2695-5",39702
"5124-3",47129
"12967-6",4805
"16142-2",427
"3491-8",151
"12363-8",20650
"19659-2",158335
"2342-4",34632
"10839-9",238710
"5774-5",51760
"3150-0",829202
"33510-9",911
"21654-9",9258
"2865-4",188053
"22637-3",21926
"4544-4",47952
"789-9",46068
"8116-6",1249
"21729-9",393
"2464-6",4942
"17015-9",182
"5892-5",237
"4057-6",1485
"17849-1",5943
"6924-5",1391
"8277-6",1661
"19312-8",20698
"30361-0",388
"49250-4",124
"86130-2",401
"14312-3",357
"14182-0",237
"43396-1",188536
"38380-2",2407
"34571-0",357
"13801-6",2124
"50378-9",16
"15158-9",958
"44340-8",143
"11103-9",134
"3663-2",6995
"3321-7",3692
"11526-1",5114
"20077-4",90
"55234-9",572
"19382-1",4419
"25089-4",167
"1952-1",21015
"11019-7",247
"20506-2",497134
"2703-7",2687360
"46986-6",393
"23878-2",683
"33410-2",36
"712-0",1285197
"29638-4",389
"1521-4",42
"9783-2",1107
"9832-7",392
"21108-6",1282
"6349-5",256
"29996-6",986
"8310-5",1291918
"21696-0",1983
"19429-0",11776
"27822-6",213
"20496-6",960
"35644-4",1775
"20057-6",56
"6298-4",172880
"29958-6",1286
"20513-8",9113
"27266-6",722
"13304-1",1812
"53261-4",112351
"1690-7",121
"11150-0",7542
"9784-0",758
"49659-6",728
"14836-1",11546
"3937-0",158555
"35400-1",1327
"13514-5",39174
"5098-9",61
"2468-7",4558
"38177-2",621
"15060-7",422
"18323-6",1398
"53776-1",1009
"49852-7",347
"3338-1",21
"53774-6",1897
"30078-0",259
"5017-9",122
"42664-3",2090
"29575-8",193141
"1809-3",62
"27092-6",2469
"17609-9",104
"5809-9",232
"18282-4",92204
"19270-8",139225
"30922-9",306
"5769-5",606555
"29942-0",315
"32724-7",2565
"5633-3",320
"21019-5",3439
"21190-4",15406
"9590-1",5287
"9598-4",5226
"9599-2",5226
"6321-4",5633
"46987-4",93
"17792-3",3654
"45315-9",312
"30531-8",125
"21262-1",29
"29257-3",126
"30565-6",125
"35655-0",125
"30233-1",125
"2519-7",1785
"30356-0",127
"30327-1",127
"30238-0",127
"5743-0",26
"9842-6",23
"21810-7",16
"49231-4",5
"47007-0",2
"44405-9",95
"17351-8",399
"15729-7",41
"15952-5",274
"32760-1",187
"53982-5",88
"15555-6",1742
"15821-2",135
"6061-6",35
"31209-0",1251
"6037-6",50
"5358-7",1035
"6209-1",5765
"6208-3",212
"15591-1",4
"1698-0",11
"6039-2",669
"32286-7",611
"6901-3",106
"29334-0",661
"22315-6",2595
"35466-2",4
"5283-7",326
"20626-8",28
"15734-7",6
"15789-1",5
"34416-8",35
"53640-9",4
"17718-8",307
"26020-8",1431
"55201-8",843
"49543-2",249
"46985-8",58
"58012-6",70
"41404-5",9
"35164-3",94
"27994-3",106
"14208-3",74
"2104-8",11
"40703-1",47
"5698-6",6
"5225-8",35
"14003-8",39382
"21341-3",12
"4039-4",9
"4509-6",46
"6898-1",4
"21484-1",957
"3639-2",23
"63249-7",562
"29253-2",766
"16855-9",52
"10543-7",6
"8170-3",73
"17501-8",26
"45371-2",5
"13082-3",49
"43626-1",332
"50816-8",84
"32817-9",41
"48328-9",276
"2485-1",134
"34694-0",1848
"13084-9",49
"6945-0",56
"55242-2",7
"21819-8",46
"33631-3",43
"19253-4",7
"26868-0",2
"32169-5",18
"10635-1",15
"41744-4",31
"56482-3",131
"41754-3",5
"12727-4",5
"41755-0",5
"2179-0",18
"29763-0",58
"42321-0",1
"46154-1",106284
"10946-2",2
"12722-5",314
"14044-2",64
"23024-3",39
"6265-3",6727
"6285-1",4804
"6109-3",6485
"32363-4",4905
"6909-6",35
"24467-3",1348
"33669-3",1
"31668-7",4
"20604-5",1291
"60536-0",83
"32519-1",1288
"19346-6",118
"3950-3",42
"40835-1",1
"63109-3",1
"10366-3",321
"50684-0",8
"3772-1",14
"13973-3",1
"2568-4",1
"12618-5",9
"46956-9",7
"46949-4",8
"53731-6",964
"46945-2",8
"10843-1",1041
"62367-8",6
"50328-4",2
"2853-0",23
"50322-7",2
"48794-2",294
"1835-8",601
"48793-4",592
"15958-2",1
"16082-0",1
"9626-3",1
"9548-9",1
"9549-7",1
"9550-5",1
"5255-5",53
"30057-4",38
"30058-2",38
"30064-0",38
"30054-1",38
"2961-1",83
"32046-5",56
"11957-8",36
"28593-2",30
"28588-2",31
"49573-9",88
"38173-1",708
"33915-0",309
"33921-8",557
"0051531",9
"21551-7",22
"9778-2",9
"29502-2",1
"29521-2",1
"25106-6",1
"15188-6",12
"32648-8",713
"17850-9",7
"56128-2",145
"19258-3",8039
"1959-6",18429
"934-0",62977
"702-1",12520
"882-1",64637
"7798-2",2426
"50555-2",93642
"46702-7",62847
"11156-7",82
"45270-6",219
"42337-6",265
"45390-2",6
"33516-6",3485
"9848-3",13570
"26997-7",30
"21374-4",19
"48866-8",85
"48067-3",7545
"53890-0",2
"43213-8",1
"3313-4",6
"15705-7",1
"29628-5",1
"10976-9",18
"29881-0",1
"29622-8",1
"5650-7",2
"21300-9",2
"6939-3",27
"30152-3",34
"2772-2",1
"5723-2",4
"65807-0",6
"28649-2",448
"28641-9",446
"51659-1",345
"7316-3",24
"2193-1",90
"29591-5",17
"10374-7",7
"6076-4",55
"6281-0",226
"20593-0",64
"6041-8",268
"6830-4",20
"60017-1",1040
"6248-9",109
"49914-5",46
"10835-7",50
"59589-2",3
"52966-9",2
"6331-3",23
"3777-0",244
"8219-8",249
"35277-3",7
"8149-7",296
"63415-4",12326
"65818-7",33
"73655-3",155
"49541-6",1
"6246-3",92
"13463-5",2
"1722-8",1
"14021-0",1
"14019-4",1
"5116-9",1
"34717-9",26
"49963-2",397
"54449-4",6348
"35139-5",8
"48174-7",1
"49010-2",81
"33774-1",8
"53998-1",5
"32578-7",5
"26848-2",14
"49865-9",56
"497-8",2
"71429-5",8
"49753-7",3
"43373-0",1
"60389-4",1
"51550-2",1
"13626-7",46
"58429-2",5801
"5761-2",22
"40982-1",6567
"6218-2",1
"48556-5",1
"33235-3",4
"82212-2",51
"82206-4",40
"30323-0",2
"26606-4",2
"8047-3",1
"65810-4",1
"19610-5",1057
"6584-7",6
"33211-4",1
"84873-9",8
"90080-3",18
"3189-8",1
"61121-0",1
"10860-5",2
"13629-1",1
"29901-6",1
"51797-9",1
"88726-5",1
"21687-9",3
"40585-2",64
"76575-0",22
"35867-1",1
"69570-0",2
"79386-9",11
"20633-4",2
"5722-4",1
"26955-5",1
"788-0",11945265
"5778-6",1821335
"2777-1",2827853
"4548-4",1368574
"4542-7",52065
"1971-1",1817529
"47598-8",3470
"4024-6",32641
"8065-5",22939
"2276-4",387365
"16933-4",107103
"27811-9",7860
"20644-1",296
"20650-8",296
"5568-1",261
"5130-0",36199
"5274-6",5330
"35675-8",8821
"6766-0",107
"2571-8",2286570
"3969-3",24385
"789-8",11954068
"787-2",11958436
"3965-1",20657
"44448-9",5500
"6844-5",89
"33536-4",8909
"2085-9",2160093
"23991-3",387
"21419-7",19888
"13964-2",15367
"15048-2",1597
"31154-8",914
"15067-2",69701
"19151-0",2358
"5060-9",82747
"19123-9",4537723
"49292-6",371
"2811-8",270
"2284-8",193859
"6875-9",29373
"31627-3",15684
"35663-4",202120
"3096-5",1390
"19153-6",67756
"3834-9",175
"3536-0",129
"3330-8",359
"4015-4",19986
"20437-0",9593
"732-8",1368550
"5817-2",11575
"58450-8",6
"1975-2",6796534
"38404-0",11213
"5388-4",341
"6743-9",75818
"3034-6",337577
"5195-3",305605
"20573-2",853
"9627-1",115
"44446-3",1570
"2098-2",64
"26975-3",9378
"736-9",6840790
"18488-7",6970
"21362-9",209
"21482-5",83475
"21074-0",379
"3982-6",185
"29585-7",13297
"5998-0",43
"19483-7",60780
"17376-5",490
"20436-2",15496
"6288-5",57
"1761-6",16510
"59465-5",63901
"30522-7",335241
"687-4",1493
"3022-1",16099
"890-4",81201
"17780-8",6688
"7959-0",82
"32014-3",3541
"49549-9",10804
"55752-0",475476
"788-1",41454
"787-3",42619
"31438-5",184
"28005-7",470
"2500-7",51225
"16982-1",4700
"25435-9",155
"25489-6",8425
"23826-1",1073
"86080-9",809
"3154-2",9115
"5404-9",2556
"14071-5",20319
"18473-9",49968
"58442-5",5524
"86147-6",816
"86024-7",408
"5170-6",1085
"41867-3",173
"11011-4",550
"19577-6",20342
"27109-8",20336
"16197-6",56388
"7905-3",22
"29723-4",1073
"28067-7",258
"29308-4",3
"3409-0",51
"15202-5",958
"11112-0",7562
"35669-1",8198
"46137-6",177
"21619-2",22
"4059-2",5376
"15200-9",43
"3676-4",49
"55248-9",375
"23811-3",2500
"44099-0",5925
"35388-8",393
"30211-7",26781
"1657-6",234
"9404-5",5
"29535-2",674
"5975-8",101
"48378-4",246485
"5058-3",175
"27810-1",161
"33882-2",10913
"5057-5",154
"1986-9",7325
"48065-7",135899
"21026-0",429
"14085-5",853
"6320-6",5803
"29943-8",211
"29509-7",169
"53568-2",66
"3478-5",42
"32546-4",3225
"6845-2",4
"26530-6",889
"13733-1",960
"25099-3",162
"4575-7",464
"54084-9",101223
"10904-1",29
"4563-3",423
"34316-0",196
"5221-7",468
"13299-3",2656
"57723-9",101455
"9786-5",191
"38496-6",4423
"29946-1",1590
"2867-0",189
"2785-4",4
"21695-2",1996
"2704-5",36578
"38196-2",134815
"6920-3",559
"9838-4",1883
"5111-0",679
"48555-7",874
"5724-0",2255
"8247-9",557650
"13440-3",4369
"32043-2",322
"42765-8",65495
"5389-2",9367
"42860-7",158901
"16191-9",2271
"2955-3",10392
"19295-5",139348
"2998-3",13047
"3167-4",2161
"12838-9",155
"9593-5",5287
"9588-5",5287
"9592-7",5287
"9595-0",5287
"26028-1",676
"16125-7",29
"47318-1",444
"45321-7",654
"45323-3",53302
"33762-6",254145
"52756-4",125
"3278-9",60
"41273-4",14048
"30566-4",126
"14235-6",682
"30237-2",110
"30357-8",109
"30349-5",125
"30190-3",127
"20509-6",40632
"41647-9",7495
"18267-5",291
"21395-9",365
"15806-3",1
"25700-6",4241
"2778-9",434
"6230-7",27
"40491-3",368
"6054-1",4
"6081-4",58
"6220-8",34
"7369-2",6477
"12515-3",938
"61120-2",515
"19176-7",13999
"23820-4",621
"33009-2",311
"14200-0",35
"14683-7",636
"22327-1",24922
"15766-9",163
"15744-6",63
"6050-9",111
"30194-5",99
"30196-0",99
"2483-6",184
"33939-0",1955
"14062-4",458
"27984-4",2
"2187-3",2
"43729-3",1604
"53594-8",161
"35181-7",94
"42937-3",2969
"30192-9",344
"30519-3",960
"35169-2",94
"35182-5",94
"21215-9",166
"50659-2",1071
"10987-6",8
"10546-0",6
"9416-9",5
"5627-5",434
"3745-7",3
"47053-4",21
"17412-8",73
"21299-3",750
"10996-7",3
"13908-9",9
"3637-6",11888
"42726-0",6
"30065-7",57
"23868-3",1
"21821-4",67
"58738-6",1412
"23202-5",194
"53622-7",758
"15045-8",307
"29994-1",383
"41048-0",594
"6951-8",56
"33983-8",1083
"9315-3",73
"39572-3",21
"2837-3",224
"2755-7",94
"45182-3",5
"49269-4",13
"72833-7",21
"11259-9",665
"40595-1",40
"25129-8",4
"6833-8",6848
"29266-4",13
"40596-9",21
"29905-7",36
"6029-3",4917
"31666-1",40
"41767-5",5
"3999-0",9
"18485-3",1199
"2685-6",39
"14211-7",1222
"6066-5",5633
"6038-4",6038
"7155-5",3645
"38458-6",34
"59050-5",98
"35704-6",375
"8123-2",1346
"57290-9",479
"57291-7",479
"51951-2",154
"40995-3",8
"19695-6",42
"1506-5",3
"3487-6",66
"1004-1",5
"60349-8",1
"16095-2",2
"1434-0",18
"3508-9",9541
"241-0",5
"59673-4",2
"287-3",5
"2436-4",3
"29254-0",6
"10508-0",10
"16100-0",5
"3893-5",81
"41651-1",873257
"40966-4",25
"40968-0",25
"460-6",5
"508-2",2
"11882-8",11
"38445-3",6600
"46948-6",8
"50324-3",1
"48795-9",1009
"6644-9",2
"15570-5",1
"6835-3",1
"3244-1",6
"9546-3",1
"12238-2",16
"38356-2",7
"12382-8",4
"496-0",1
"30061-6",34
"29919-8",12
"26610-6",162
"32227-1",162
"20638-3",167
"26604-9",163
"28608-8",34
"30050-9",27
"28610-4",28
"5053-4",35
"69362-2",347
"4245-7",2
"33916-8",307
"30074-9",1
"46207-7",1
"3659-0",1
"25103-3",1
"25107-4",1
"25097-7",1
"24439-2",1
"10880-3",4
"29496-7",1
"10328-3",2
"25117-3",1
"47710-9",1
"24441-8",1
"38161-6",2
"49056-5",1
"58453-2",10
"35474-6",37
"62364-5",24855
"53306-7",1568
"24013-5",45
"12209-3",757
"49497-1",486
"3298-7",7663
"50230-2",1154
"53279-6",54
"58379-9",389
"2988-4",23
"43583-4",965
"48345-3",6184
"16130-7",4
"54438-7",15
"190-9",33
"43880-4",329
"42675-9",70
"69367-1",182
"13337-1",17
"69961-1",30
"781-5",1896
"16230-5",6
"29624-4",1
"21301-7",2
"29876-0",1
"30479-0",1
"28647-6",449
"28645-0",450
"71850-2",282
"57087-9",11129
"47109-4",191
"50401-9",47
"6190-3",27
"6244-8",229
"58929-1",333
"2779-7",32
"13354-6",220
"24429-3",110
"972-0",3139
"19077-7",1928
"35551-1",8
"76651-9",27
"8236-2",247
"59837-5",15
"66488-8",5
"50727-7",5
"50728-5",5
"50595-8",3
"6556-5",5
"26706-2",14
"62238-1",120
"58786-5",1
"33193-4",16
"14937-7",35
"6048-3",7
"9776-6",3
"2069-3",140
"32575-3",7
"32576-1",7
"54155-7",2
"73561-3",1187
"29-9",2
"4685-4",1
"49876-6",5328
"19713-7",9571
"19495-1",5328
"9383-1",4
"21626-7",5
"40988-8",6541
"6848-6",1
"18392-1",5537
"47532-7",1
"19751-7",1
"6141-6",2
"57901-1",3
"77879-5",1057
"13696-0",1
"13697-8",1
"13698-6",1
"50750-9",1
"82200-7",51
"48407-1",2
"19553-7",186
"63439-4",1
"62947-7",9
"6159-8",2
"54238-1",1
"48409-7",1
"27071-0",1
"49500-2",486
"32137-2",486
"40444-2",5
"59195-8",1
"32143-0",1
"26951-4",1
"3084-1",713187
"15149-8",71465
"59462-2",113321
"4679-7",191407
"5644-0",211809
"2356-4",5405
"14315-6",23399
"69048-7",493521
"2143-6",79941
"20640-9",331
"10365-5",2044
"5574-9",76
"29956-0",309
"49310-6",117551
"4821-5",4666
"10360-6",604
"49257-9",3102
"1695-6",4051
"2671-6",2815
"13824-8",368
"3493-4",148
"14803-1",17174
"12228-3",6947
"5995-6",53
"769-0",1407680
"19157-7",71413
"19470-4",20656
"59646-0",20592
"20438-8",42907
"49745-3",30
"6198-6",58
"14628-2",2048
"1668-3",18103
"726-0",4
"7917-8",140339
"2429-9",396
"2731-8",129762
"3026-2",241418
"8251-1",29197
"1742-6",6593023
"2472-9",193797
"1871-3",9021
"2465-3",199000
"12442-0",28722
"2991-8",51881
"17713-9",2740
"5643-2",102846
"3349-8",234882
"3773-9",253391
"20649-0",296
"20647-4",293
"19727-7",2483
"11034-6",3976
"39354-6",35
"35673-3",2181
"14804-9",823581
"25742-8",4
"4680-5",4195
"30450-1",5895
"735-1",850469
"1547-9",9188
"6740-5",87
"6280-2",59
"67848-2",75384
"5814-9",5822
"5176-3",18941
"27948-9",4557
"4080-8",20597
"46128-5",11497
"49692-7",236
"2191-5",18993
"21667-1",153
"22634-0",21921
"11031-2",58882
"38256-4",59013
"2064-4",9375
"5770-3",730758
"711-2",6841639
"6864-3",18042
"3665-7",10554
"3582-4",60
"16194-3",3068
"20660-7",332
"14875-9",336
"1854-9",1467
"13248-0",907
"9656-0",119
"21383-5",343
"3978-4",467
"20578-1",137567
"38995-7",5762
"2270-7",3440
"5812-3",37
"1504-0",14937
"3097-3",402860
"20464-4",742
"26511-6",21795
"1646-9",10
"5042-7",65
"42481-2",218
"5846-1",236
"43305-2",2226
"48668-8",4549
"13914-7",65
"38180-6",1180
"48159-8",31067
"3182-3",2044
"2236-8",47572
"19710-3",20350
"33773-3",206
"34701-3",3848
"69049-5",4126
"9360-9",539
"20495-8",3538
"25101-7",168
"25134-8",156
"5634-1",138
"2711-0",715219
"5048-4",2988
"19566-9",12599
"17314-6",1483
"15087-0",1943
"32024-2",175
"35670-9",10372
"9708-9",211
"3548-5",58
"43995-0",2500
"9318-7",35405
"26446-5",498
"30446-9",1558
"6892-4",549
"50194-0",394
"2019-8",1969724
"2021-4",701052
"32009-3",1895
"40869-0",1064
"5103-7",679
"15069-8",5966
"40469-9",39
"9537-2",1206
"38178-0",624
"20071-7",3626
"19643-6",45004
"29963-6",779
"3335-7",170
"13298-5",2503
"20079-0",7808
"26528-0",899
"3193-0",1009
"3644-2",25
"56005-2",67
"6895-7",22
"6303-2",16702
"2873-8",189
"3151-8",11794
"56120-9",159040
"45028-8",1265
"2466-1",4645
"5677-0",208
"9335-1",57100
"9802-0",7945
"10896-9",29
"5645-7",251133
"53773-8",1585
"4576-5",436
"14084-8",916
"46743-1",112351
"3545-1",43183
"60474-4",128308
"5052-6",361
"2258-2",928
"44342-4",1775
"2020-6",36812
"17726-1",130
"2106-3",61638
"1961-2",33301
"48952-6",105
"27389-6",2579
"25514-1",3341
"16190-1",2419
"4028-7",23
"27387-0",2467
"5807-3",1399
"2232-7",1360
"4064-2",20
"30571-4",211
"6957-5",29
"20505-4",1128136
"2641-9",540
"49283-5",1974
"26465-5",20272
"2079-2",125
"20405-7",1121864
"32639-7",333
"9596-8",5287
"45313-4",312
"30234-9",109
"30312-3",110
"2518-9",731509
"30352-9",3298
"34819-3",146238
"30376-8",540
"38459-4",278
"26524-9",369
"42187-5",8
"43287-2",2
"17862-4",50
"9321-1",538
"26499-4",10534
"14822-1",366
"15663-8",135
"15569-7",24
"5232-4",221
"14278-6",111
"6165-5",183
"33949-9",40
"8138-0",7026
"16362-6",432
"6204-2",26
"8137-2",7008
"15649-7",45
"10644-3",22
"31204-1",21993
"27827-5",103
"6810-6",661
"51734-2",32
"18474-7",160
"6216-6",5488
"29374-6",36
"15691-9",54
"14277-8",15
"6203-4",10
"26019-0",1431
"30198-6",99
"30550-8",99
"49263-7",206
"26870-6",574
"21764-6",1
"48980-7",13
"46984-1",58
"51004-0",58
"63369-3",9
"38420-6",205
"62254-8",1275
"16117-4",1244
"35174-2",94
"25389-8",69
"55159-8",960
"32032-5",138
"2815-9",139
"8148-9",10
"4505-4",59
"26620-5",10
"25095-1",2
"1848-1",358
"60279-7",541
"5659-8",20
"21201-9",18
"31024-3",223
"4060-0",4
"29158-3",1413
"30235-6",107
"26956-3",1415
"5177-1",627
"13080-7",49
"34376-4",3016
"42328-5",409
"13079-9",49
"29497-5",37
"48325-5",276
"49548-1",15
"55241-4",7
"10899-3",73
"50621-2",58
"5584-8",3
"49503-6",25
"27353-2",43406
"41757-6",5
"14884-1",13
"5070-8",292
"6099-6",5624
"41756-8",5
"34517-3",4
"3934-7",27
"6121-8",5132
"6078-0",5622
"6085-5",6767
"6090-5",6048
"2709-4",21172
"2142-8",866
"2890-3",384
"3066-8",10
"14054-1",26
"17157-9",1224
"42176-8",8056
"49759-4",67
"700-5",486
"72170-4",60
"32580-3",171
"35502-4",72
"3394-4",64
"60356-3",1
"16026-7",5
"3530-3",401
"1526-3",3
"116-4",1
"5104-5",19
"40465-7",4
"10539-5",4
"23978-0",1
"5682-0",5
"428-3",5
"49702-4",4
"41650-3",874587
"71836-1",434571
"9629-7",4
"4061-8",4
"46953-6",8
"46951-0",8
"46952-8",8
"35278-1",96
"25907-7",1830
"50323-5",3
"48792-6",600
"54456-9",11
"16562-1",10
"20-8",1
"60552-7",1
"612-2",3
"10884-5",4
"408-5",1
"3543-6",2
"6228-1",2
"22566-4",1
"21565-7",5
"49451-8",2
"30047-5",38
"55928-6",133
"49035-9",35
"34970-4",36
"49088-8",33
"61100-4",19
"28605-4",36
"28602-1",33
"33917-6",307
"5746-3",2
"29505-5",1
"29515-4",1
"43290-6",3
"22708-2",1
"25113-2",1
"25118-1",1
"25108-2",1
"47696-0",1
"40990-4",5
"43302-9",1
"524-9",1
"35537-0",3
"2494-3",167
"57838-5",320
"18309-5",2369
"34477-0",225
"50234-4",110
"5299-3",227
"13655-6",2901
"5567-3",851
"2502-3",14230
"50410-0",321
"803-7",14478
"50231-0",10951
"33238-7",131
"59069-5",4540
"53318-2",62850
"71843-7",1678
"71695-1",292332
"771-6",411478
"44706-0",1128
"16131-5",5
"42329-3",19
"13344-7",19
"43881-2",181
"20992-4",182
"8480-6",15
"13333-0",25
"29883-6",1
"29625-1",1
"29872-9",1
"29866-1",1
"29630-1",1
"29868-7",1
"5594-7",1
"29867-9",1
"29627-7",1
"29870-3",1
"7287-6",1
"30474-1",1
"26682-5",1
"30477-4",1
"29873-7",1
"51761-5",2
"44833-2",4
"2882-9",1
"32495-4",1
"30481-6",1
"32765-0",5
"10701-1",4
"11555-0",8753
"13535-0",1
"47780-2",32
"6106-9",87
"6263-8",255
"716-1",5
"25997-8",3
"13066-6",21
"6276-0",106
"14313-1",118
"765-8",2
"73941-7",3
"18338-4",52
"6317-2",1
"42236-0",7
"43371-4",23
"59734-4",19
"59705-4",246
"8172-9",249
"20421-4",249
"52810-9",30
"50734-3",5
"3870-3",1
"12180-6",1
"15203-3",17
"39083-1",132
"11054-4",114
"2501-5",31
"12949-4",2
"15767-7",2
"3886-9",3
"10548-6",28
"6259-6",2
"79564-1",11513
"50497-7",1
"35461-3",1
"27815-0",14
"19161-9",8
"6237-2",19
"26924-1",7
"6034-3",3
"44384-6",3
"8265-1",2
"40557-1",3
"47405-6",26
"11075-9",11875
"58465-6",4
"53881-9",9
"62462-7",15108
"76039-7",5
"6154-9",1
"16471-5",155
"66748-5",1427
"52768-9",1420
"81-0",1
"6653-0",1
"15860-0",1
"54187-0",2
"53003-0",2
"38485-9",5
"2312-7",5
"16228-9",5328
"2350-7",2
"41401-1",2
"16233-9",5328
"49752-9",9538
"18339-2",9572
"59635-3",5328
"82196-7",53
"9393-0",4
"68546-1",8
"34487-9",6568
"50968-7",1586
"2433-1",1
"35871-3",1
"21376-9",1
"82203-1",39
"6313-1",2
"5959-2",2
"35869-7",1
"69569-2",2
"80348-6",40
"35458-9",1
"88740-6",1
"17342-7",1
"90779-0",18
"6891-6",2
"88737-2",1
"26477-0",2
"33475-5",1
"35868-9",1
"82334-4",1
"29673-1",4
"88613-5",8
"8119-0",1
"48310-7",1
"35303-7",1
"44733-4",1
"39014-6",1
"67714-6",3
"89353-7",6
"30453-5",65486
"2324-2",167513
"3094-0",12380629
"5803-2",1876188
"12203-6",12088
"12841-3",14736
"3521-2",38205
"14882-5",474
"20657-3",296
"32215-6",219051
"1989-3",412632
"2857-1",483031
"14252-1",27053
"38521-1",1871
"7795-8",12106
"1763-2",14467
"16199-2",11606
"3968-5",485006
"59466-3",61
"5819-8",3601
"15015-1",3781
"3816-6",20590
"2147-7",4878
"29998-2",180
"13954-3",5775
"10501-5",80186
"10331-7",23385
"2161-8",59951
"17861-6",11780043
"13965-9",32658
"32624-9",8721
"19764-0",187212
"22638-1",8582
"5213-4",1241
"8099-4",33542
"2498-4",349525
"1994-3",1135795
"28660-9",53
"20636-7",296
"31418-7",20015
"2915-7",12195
"16128-1",290152
"2828-2",57888
"2542-9",1215
"9830-1",284115
"4991-6",1782
"5996-4",53
"703-9",37310
"801-1",33796
"7789-1",67947
"53798-5",1529
"763-3",1376612
"19674-1",20509
"730-2",57744
"3714-3",8905
"43597-4",663
"802-9",129069
"14959-1",232545
"20075-8",58791
"15205-8",70702
"1834-1",15048
"15013-6",3779
"41398-9",271
"883-9",23125
L4985,938
"10900-9",8372
"12615-1",120
"14975-7",449
"3181-5",1927
"2692-2",48072
"49244-7",2184
"4049-3",2370
"3427-2",253741
"3377-9",212531
"20645-8",296
"1992-7",4312
"57802-1",2865
"17783-2",128
"16137-2",117363
"30166-3",5224
"4485-9",57741
"2539-5",1215
"2548-6",1215
"1765-7",224
"3122-9",725
"2880-3",34790
"3716-8",20642
"2746-6",808643
"23905-3",3873
"3539-4",20556
"15049-0",1597
"13953-5",5256
"5798-4",1131
"10524-7",186245
"19767-3",50304
"26478-8",23571
"718-8",50667
"785-7",42551
"5849-5",228
"14116-8",5019
"5334-8",20214
"25474-8",8443
"1756-6",5019
"29620-2",374
"5789-3",1219
"85991-8",408
"86064-3",401
"5335-5",736
"14060-8",20331
"28541-1",1645
"21142-5",20334
L4613,138
"27395-3",2980
"16196-8",58477
"11111-2",138
"14288-5",941
"9279-1",740
"29519-6",167
"721-1",6491
"5000-5",395
"41653-7",1913746
"5193-8",2201
"35383-9",5955
"12190-5",5110
"11108-8",7562
"9361-7",539
"26881-3",2033
"49032-6",343
"2250-9",13687
"26498-6",1514
"49061-5",89
"33295-7",622
"705-4",1290479
"29536-0",660
"20625-0",301
"15212-4",1438
"11105-4",7557
"13952-7",5320
"29595-6",42
"12362-0",9
"49053-2",626
"2087-5",395
"47213-4",398
"10362-2",129
"26010-9",2231
"29558-4",811
"32682-7",2648
"13303-3",10
"4478-4",781
"41492-0",140
"26472-1",12
"27823-4",3256
"6914-6",504
"19255-9",45035
"1926-5",36578
"33248-6",61
"15061-5",6357
"38176-4",624
"5797-6",1127117
"13594-7",9
"2864-7",189
"29967-7",1123
"9508-3",42
"5109-4",679
"2339-0",10741879
"24108-3",49298
"41489-6",140
"5105-2",679
"4547-6",430
"1805-1",62
"2876-1",189
"14251-3",1219
"9738-6",297
"38546-8",11
"33438-3",37598
"32623-1",1284
"40647-0",2
"31183-7",2467
"2217-8",1875
"14316-4",158668
"21414-8",14833
"41171-0",3669
"32998-7",1849
"9591-9",5287
"9587-7",5226
"17791-5",3649
"36913-2",618
"41107-4",1120
"3204-5",1
"56831-1",97
"30564-9",125
"30191-1",127
"30541-7",126
"2027-1",1435
"38370-3",3410
"47006-2",2
"42771-6",2742
"26444-0",10181
"5385-0",5596
"15998-8",2552
"15527-5",179
"15605-9",33
"8117-4",2120
"6125-9",41
"14241-4",9
"9812-9",29
"15957-4",34
"2171-7",675
"56634-9",143
"11242-5",4
"5285-2",670
"14199-4",76
"15151-4",662
"34275-8",637
"56126-6",64
"59297-2",2407
"50612-1",44
"6821-3",661
"16200-8",11
"21560-8",661
"34502-5",12
"47321-5",573
"12210-1",18
"1007-4",2096
"15977-2",3
"6194-5",66
"6070-7",8
"15949-1",95
"6107-7",54
"6129-1",6
"15934-3",5
"13037-7",243
"13039-3",29
"28638-5",5965
"31674-5",575
"48656-3",575
"43727-7",1984
"62253-0",1277
"13291-0",122
"43728-5",1266
"62255-5",1072
"29674-9",349
"53597-1",161
"5211-8",275
"35176-7",94
"35172-6",94
"53596-3",161
"35161-9",103
"28075-0",1
"32033-3",138
"33311-2",138
"48039-2",5
"49586-1",963
"30903-9",262
"14864-3",39343
"10882-9",26
"3749-9",5
"49289-2",34
"2697-1",92
"54905-5",143
"7889-9",51
"59063-8",421
"20590-6",5
"66502-6",193
"58483-9",14
"33863-2",603
"34319-4",1303
"21674-7",450
"32287-5",30
"5386-8",215
"6952-6",56
"41480-5",654
"29672-3",459
"41871-5",197
"29161-7",1413
"48326-3",276
"13081-5",49
"25303-9",121
"27923-2",154
"29159-1",1413
"13076-5",50
"12481-8",84
"14122-6",19
"49637-2",59
"57202-4",15
"30451-9",125
"27330-0",19
"11559-2",311
"13210-0",291
"50388-8",1
"62488-2",36
"56736-2",2
"6111-9",5846
"6212-5",6595
"6094-7",5301
"6138-2",5857
"6182-0",5200
"6278-6",6276
"20116-0",71
"6168-9",3001
"62375-1",437
"29893-5",1525
"33617-2",1216
"26759-1",1225
"50398-7",169
"3474-4",5
"9834-3",5
"27007-4",1
"3414-0",9
"49340-3",549
"60348-0",1
"17729-5",1
"22488-1",15
"34581-9",874181
"32717-1",875264
"58504-2",2
"42355-8",10
"32364-2",78
"7906-1",67
"46946-0",8
"63329-7",631
"73966-4",11
"7103-5",595
"3033-8",105
"29771-3",661
"29944-6",2231
"27415-9",868
"141-2",1
"19635-2",1
"9415-1",3
"15351-0",2
"2213-7",1
"9542-2",1
"9547-1",1
"9552-1",1
"9553-9",1
"2533-8",6
"3681-4",9540
"8262-8",4795
"79182-2",35
"25822-8",16
"30049-1",38
"2492-7",134
"30048-3",38
"10545-2",2
"49052-4",2814
"69935-5",113
"21793-5",42
"42714-6",19
"33771-7",552
"42317-8",251
"30072-3",40
"7890-7",37
"21558-2",2
"29511-3",1
"29518-8",1
"29858-8",1
"29510-5",1
"51286-3",8
"9750-1",48
"9754-3",48
"29504-8",1
"26583-5",1
"50640-2",8
"18350-9",17
"2139-4",2
"9753-5",48
"38163-2",2
"40978-9",6
"43192-4",1
"21382-7",1
"24442-6",1
"25119-9",1
"25121-5",1
"2905-8",6
"70086-4",793
"16955-7",8
"12230-9",5011
"7885-7",10
"51833-2",3
"3141-9",1985
"709-6",2125
"53115-2",292293
"2965-2",93661
"50672-5",5598
"5297-7",2443
"50221-1",62845
"50969-5",991
"32673-6",6500
"739-3",12142
"11125-2",577
"1251-8",53086
"24103-4",33
"5215-9",4049
"57734-6",93645
"57735-3",93644
"49275-1",2521
"19049-6",64
"33914-3",2893
"61373-7",1214
"14579-7",8
"31625-7",37
"893-8",1206
"29623-6",1
"17088-6",5334
"29869-5",1
"30476-6",1
"27177-5",1
"44537-9",6
"3684-8",13
"13500-4",5
"6886-6",27
"32582-9",1
"3085-8",2
"40653-8",1
"51731-8",877
"30350-3",22
"57716-3",11303
"42595-9",125
"30170-5",26
"20466-9",172
"33667-7",6
"13876-8",216
"39534-3",14
"46976-7",249
"8191-9",244
"45373-8",30
"60071-8",13
"49404-7",132
"19593-3",9540
"43247-6",1
"6277-8",1
"34716-1",18
"7558-0",16
"31150-6",1
"14029-3",1
"48719-9",123
"44385-3",3
"80824-6",46
"50496-9",1
"3413-2",9
"74420-1",8
"13715-8",142
"43638-6",16
"85-1",1
"82512-5",3
"41400-3",2
"43356-5",1
"43355-7",1
"73958-1",19
"33360-9",5
"73737-9",30
"71774-4",16741
"24051-5",14
"86009-8",6
"40974-8",6
"73977-1",1
"6180-4",1
"82201-5",40
"82205-6",43
"82208-0",45
"85622-9",2
"81304-8",35
"27416-7",1
"0051588",1
"6122-6",2
"3779-6",9
"34515-7",3
"88734-9",1
"88727-3",1
"48004-6",3
"48007-9",3
"56158-9",1
"82197-5",40
"48390-9",1
"33216-3",3
"42939-9",1
"81622-3",1
"42678-3",486
"48761-1",1
"55872-6",1
"89352-9",6
"50222-9",2
